CodigoNacional,NombreEstacion,Latitud,Altura,Año,Mes,Dia,T.Maxima,T.Minima,T.Maxima_Fahrenheit,T.Minima_Fahrenheit
180005,"Chacalluta, Arica Ap.",18&deg 21' 20'' S,50,2020,7,1,15.1,17.8,59.18,64.04
180005,"Chacalluta, Arica Ap.",18&deg 21' 20'' S,50,2020,7,2,15.2,18.6,59.36,65.48
180005,"Chacalluta, Arica Ap.",18&deg 21' 20'' S,50,2020,7,3,15.4,18.9,59.72,66.02
180005,"Chacalluta, Arica Ap.",18&deg 21' 20'' S,50,2020,7,4,11.0,18.0,51.8,64.4
180005,"Chacalluta, Arica Ap.",18&deg 21' 20'' S,50,2020,7,5,15.3,18.0,59.540000000000006,64.4
180005,"Chacalluta, Arica Ap.",18&deg 21' 20'' S,50,2020,7,6,14.3,18.0,57.74,64.4
180005,"Chacalluta, Arica Ap.",18&deg 21' 20'' S,50,2020,7,7,14.5,20.3,58.1,68.54
180005,"Chacalluta, Arica Ap.",18&deg 21' 20'' S,50,2020,7,8,14.5,18.9,58.1,66.02
180005,"Chacalluta, Arica Ap.",18&deg 21' 20'' S,50,2020,7,9,15.7,18.6,60.26,65.48
180005,"Chacalluta, Arica Ap.",18&deg 21' 20'' S,50,2020,7,10,15.7,18.7,60.26,65.66
180005,"Chacalluta, Arica Ap.",18&deg 21' 20'' S,50,2020,7,11,14.6,18.0,58.28,64.4
180005,"Chacalluta, Arica Ap.",18&deg 21' 20'' S,50,2020,7,12,13.9,17.3,57.02,63.14
180005,"Chacalluta, Arica Ap.",18&deg 21' 20'' S,50,2020,7,13,11.5,17.2,52.7,62.959999999999994
180005,"Chacalluta, Arica Ap.",18&deg 21' 20'' S,50,2020,7,14,12.0,17.1,53.6,62.78
180005,"Chacalluta, Arica Ap.",18&deg 21' 20'' S,50,2020,7,15,11.5,16.6,52.7,61.88
180005,"Chacalluta, Arica Ap.",18&deg 21' 20'' S,50,2020,7,16,13.8,16.7,56.84,62.059999999999995
180005,"Chacalluta, Arica Ap.",18&deg 21' 20'' S,50,2020,7,17,14.1,17.8,57.379999999999995,64.04
180005,"Chacalluta, Arica Ap.",18&deg 21' 20'' S,50,2020,7,18,14.4,18.6,57.92,65.48
180005,"Chacalluta, Arica Ap.",18&deg 21' 20'' S,50,2020,7,19,15.8,18.6,60.440000000000005,65.48
180005,"Chacalluta, Arica Ap.",18&deg 21' 20'' S,50,2020,7,20,15.1,18.1,59.18,64.58
180005,"Chacalluta, Arica Ap.",18&deg 21' 20'' S,50,2020,7,21,15.9,18.4,60.62,65.12
180005,"Chacalluta, Arica Ap.",18&deg 21' 20'' S,50,2020,7,22,16.2,18.4,61.16,65.12
180005,"Chacalluta, Arica Ap.",18&deg 21' 20'' S,50,2020,7,23,15.7,18.8,60.26,65.84
180005,"Chacalluta, Arica Ap.",18&deg 21' 20'' S,50,2020,7,24,13.3,18.7,55.94,65.66
180005,"Chacalluta, Arica Ap.",18&deg 21' 20'' S,50,2020,7,25,14.5,18.4,58.1,65.12
180005,"Chacalluta, Arica Ap.",18&deg 21' 20'' S,50,2020,7,26,14.0,17.8,57.2,64.04
180005,"Chacalluta, Arica Ap.",18&deg 21' 20'' S,50,2020,7,27,14.8,17.5,58.64,63.5
180005,"Chacalluta, Arica Ap.",18&deg 21' 20'' S,50,2020,7,28,15.0,17.6,59.0,63.68
180005,"Chacalluta, Arica Ap.",18&deg 21' 20'' S,50,2020,7,29,14.3,16.8,57.74,62.24
180005,"Chacalluta, Arica Ap.",18&deg 21' 20'' S,50,2020,7,30,14.9,17.2,58.82,62.959999999999994
180005,"Chacalluta, Arica Ap.",18&deg 21' 20'' S,50,2020,7,31,14.5,17.4,58.1,63.32
200006,Diego Aracena Iquique Ap.,20&deg 32' 57'' S,48,2020,7,1,15.0,17.7,59.0,63.86
200006,Diego Aracena Iquique Ap.,20&deg 32' 57'' S,48,2020,7,2,15.6,18.5,60.08,65.3
200006,Diego Aracena Iquique Ap.,20&deg 32' 57'' S,48,2020,7,3,15.7,18.8,60.26,65.84
200006,Diego Aracena Iquique Ap.,20&deg 32' 57'' S,48,2020,7,4,13.6,18.4,56.48,65.12
200006,Diego Aracena Iquique Ap.,20&deg 32' 57'' S,48,2020,7,5,15.5,18.3,59.9,64.94
200006,Diego Aracena Iquique Ap.,20&deg 32' 57'' S,48,2020,7,6,15.3,17.7,59.540000000000006,63.86
200006,Diego Aracena Iquique Ap.,20&deg 32' 57'' S,48,2020,7,7,15.2,19.5,59.36,67.1
200006,Diego Aracena Iquique Ap.,20&deg 32' 57'' S,48,2020,7,8,12.6,17.5,54.68,63.5
200006,Diego Aracena Iquique Ap.,20&deg 32' 57'' S,48,2020,7,9,14.5,17.6,58.1,63.68
200006,Diego Aracena Iquique Ap.,20&deg 32' 57'' S,48,2020,7,10,15.1,18.2,59.18,64.75999999999999
200006,Diego Aracena Iquique Ap.,20&deg 32' 57'' S,48,2020,7,11,15.3,17.6,59.540000000000006,63.68
200006,Diego Aracena Iquique Ap.,20&deg 32' 57'' S,48,2020,7,12,14.5,17.3,58.1,63.14
200006,Diego Aracena Iquique Ap.,20&deg 32' 57'' S,48,2020,7,13,12.1,17.3,53.78,63.14
200006,Diego Aracena Iquique Ap.,20&deg 32' 57'' S,48,2020,7,14,9.4,17.5,48.92,63.5
200006,Diego Aracena Iquique Ap.,20&deg 32' 57'' S,48,2020,7,15,11.3,16.8,52.34,62.24
200006,Diego Aracena Iquique Ap.,20&deg 32' 57'' S,48,2020,7,16,11.4,17.4,52.52,63.32
200006,Diego Aracena Iquique Ap.,20&deg 32' 57'' S,48,2020,7,17,15.3,18.4,59.540000000000006,65.12
200006,Diego Aracena Iquique Ap.,20&deg 32' 57'' S,48,2020,7,18,15.5,18.0,59.9,64.4
200006,Diego Aracena Iquique Ap.,20&deg 32' 57'' S,48,2020,7,19,15.1,17.7,59.18,63.86
200006,Diego Aracena Iquique Ap.,20&deg 32' 57'' S,48,2020,7,20,14.4,17.5,57.92,63.5
200006,Diego Aracena Iquique Ap.,20&deg 32' 57'' S,48,2020,7,21,15.3,18.3,59.540000000000006,64.94
200006,Diego Aracena Iquique Ap.,20&deg 32' 57'' S,48,2020,7,22,15.9,17.7,60.62,63.86
200006,Diego Aracena Iquique Ap.,20&deg 32' 57'' S,48,2020,7,23,15.5,17.6,59.9,63.68
200006,Diego Aracena Iquique Ap.,20&deg 32' 57'' S,48,2020,7,24,14.7,17.5,58.459999999999994,63.5
200006,Diego Aracena Iquique Ap.,20&deg 32' 57'' S,48,2020,7,25,10.0,17.2,50.0,62.959999999999994
200006,Diego Aracena Iquique Ap.,20&deg 32' 57'' S,48,2020,7,26,14.6,17.8,58.28,64.04
200006,Diego Aracena Iquique Ap.,20&deg 32' 57'' S,48,2020,7,27,14.7,17.3,58.459999999999994,63.14
200006,Diego Aracena Iquique Ap.,20&deg 32' 57'' S,48,2020,7,28,13.2,17.0,55.76,62.6
200006,Diego Aracena Iquique Ap.,20&deg 32' 57'' S,48,2020,7,29,13.6,16.9,56.48,62.42
200006,Diego Aracena Iquique Ap.,20&deg 32' 57'' S,48,2020,7,30,12.9,17.5,55.22,63.5
200006,Diego Aracena Iquique Ap.,20&deg 32' 57'' S,48,2020,7,31,12.6,16.7,54.68,62.059999999999995
220002,"El Loa, Calama Ad.",22&deg 29' 53'' S,2321,2020,7,1,1.6,21.9,34.88,71.42
220002,"El Loa, Calama Ad.",22&deg 29' 53'' S,2321,2020,7,2,-0.5,21.7,31.1,71.06
220002,"El Loa, Calama Ad.",22&deg 29' 53'' S,2321,2020,7,3,-2.1,21.8,28.22,71.24000000000001
220002,"El Loa, Calama Ad.",22&deg 29' 53'' S,2321,2020,7,4,-1.8,19.2,28.76,66.56
220002,"El Loa, Calama Ad.",22&deg 29' 53'' S,2321,2020,7,5,-3.0,20.0,26.6,68.0
220002,"El Loa, Calama Ad.",22&deg 29' 53'' S,2321,2020,7,6,-3.9,19.2,24.98,66.56
220002,"El Loa, Calama Ad.",22&deg 29' 53'' S,2321,2020,7,7,3.5,13.2,38.3,55.76
220002,"El Loa, Calama Ad.",22&deg 29' 53'' S,2321,2020,7,8,-6.1,19.5,21.02,67.1
220002,"El Loa, Calama Ad.",22&deg 29' 53'' S,2321,2020,7,9,-2.6,22.5,27.32,72.5
220002,"El Loa, Calama Ad.",22&deg 29' 53'' S,2321,2020,7,10,0.9,21.9,33.62,71.42
220002,"El Loa, Calama Ad.",22&deg 29' 53'' S,2321,2020,7,11,1.3,21.5,34.34,70.7
220002,"El Loa, Calama Ad.",22&deg 29' 53'' S,2321,2020,7,12,-2.8,22.3,26.96,72.14
220002,"El Loa, Calama Ad.",22&deg 29' 53'' S,2321,2020,7,13,-4.0,21.4,24.8,70.52
220002,"El Loa, Calama Ad.",22&deg 29' 53'' S,2321,2020,7,14,-3.3,21.9,26.060000000000002,71.42
220002,"El Loa, Calama Ad.",22&deg 29' 53'' S,2321,2020,7,15,0.0,22.5,32.0,72.5
220002,"El Loa, Calama Ad.",22&deg 29' 53'' S,2321,2020,7,16,0.4,24.5,32.72,76.1
220002,"El Loa, Calama Ad.",22&deg 29' 53'' S,2321,2020,7,17,3.9,23.6,39.02,74.48
220002,"El Loa, Calama Ad.",22&deg 29' 53'' S,2321,2020,7,18,2.6,22.8,36.68,73.04
220002,"El Loa, Calama Ad.",22&deg 29' 53'' S,2321,2020,7,19,-0.8,23.4,30.56,74.12
220002,"El Loa, Calama Ad.",22&deg 29' 53'' S,2321,2020,7,20,-0.1,23.0,31.82,73.4
220002,"El Loa, Calama Ad.",22&deg 29' 53'' S,2321,2020,7,21,1.0,21.4,33.8,70.52
220002,"El Loa, Calama Ad.",22&deg 29' 53'' S,2321,2020,7,22,-2.0,19.6,28.4,67.28
220002,"El Loa, Calama Ad.",22&deg 29' 53'' S,2321,2020,7,23,-4.2,18.5,24.439999999999998,65.3
220002,"El Loa, Calama Ad.",22&deg 29' 53'' S,2321,2020,7,24,1.2,16.5,34.16,61.7
220002,"El Loa, Calama Ad.",22&deg 29' 53'' S,2321,2020,7,25,-2.0,22.5,28.4,72.5
220002,"El Loa, Calama Ad.",22&deg 29' 53'' S,2321,2020,7,26,-2.2,23.2,28.04,73.75999999999999
220002,"El Loa, Calama Ad.",22&deg 29' 53'' S,2321,2020,7,27,0.4,21.9,32.72,71.42
220002,"El Loa, Calama Ad.",22&deg 29' 53'' S,2321,2020,7,28,-1.1,22.3,30.02,72.14
220002,"El Loa, Calama Ad.",22&deg 29' 53'' S,2321,2020,7,29,-3.5,21.1,25.7,69.98
220002,"El Loa, Calama Ad.",22&deg 29' 53'' S,2321,2020,7,30,-4.8,23.0,23.36,73.4
220002,"El Loa, Calama Ad.",22&deg 29' 53'' S,2321,2020,7,31,-1.9,24.5,28.580000000000002,76.1
230001,Cerro Moreno  Antofagasta  Ap.,23&deg 27' 13'' S,112,2020,7,1,12.7,18.3,54.86,64.94
230001,Cerro Moreno  Antofagasta  Ap.,23&deg 27' 13'' S,112,2020,7,2,13.1,16.6,55.58,61.88
230001,Cerro Moreno  Antofagasta  Ap.,23&deg 27' 13'' S,112,2020,7,3,12.4,17.9,54.32,64.22
230001,Cerro Moreno  Antofagasta  Ap.,23&deg 27' 13'' S,112,2020,7,4,11.8,17.2,53.24,62.959999999999994
230001,Cerro Moreno  Antofagasta  Ap.,23&deg 27' 13'' S,112,2020,7,5,10.9,16.1,51.620000000000005,60.980000000000004
230001,Cerro Moreno  Antofagasta  Ap.,23&deg 27' 13'' S,112,2020,7,6,12.8,16.6,55.04,61.88
230001,Cerro Moreno  Antofagasta  Ap.,23&deg 27' 13'' S,112,2020,7,7,12.9,16.6,55.22,61.88
230001,Cerro Moreno  Antofagasta  Ap.,23&deg 27' 13'' S,112,2020,7,8,9.7,16.3,49.46,61.34
230001,Cerro Moreno  Antofagasta  Ap.,23&deg 27' 13'' S,112,2020,7,9,11.1,15.6,51.98,60.08
230001,Cerro Moreno  Antofagasta  Ap.,23&deg 27' 13'' S,112,2020,7,10,13.3,17.4,55.94,63.32
230001,Cerro Moreno  Antofagasta  Ap.,23&deg 27' 13'' S,112,2020,7,11,11.1,15.9,51.98,60.62
230001,Cerro Moreno  Antofagasta  Ap.,23&deg 27' 13'' S,112,2020,7,12,12.7,18.4,54.86,65.12
230001,Cerro Moreno  Antofagasta  Ap.,23&deg 27' 13'' S,112,2020,7,13,13.0,16.5,55.4,61.7
230001,Cerro Moreno  Antofagasta  Ap.,23&deg 27' 13'' S,112,2020,7,14,9.4,,48.92,
230001,Cerro Moreno  Antofagasta  Ap.,23&deg 27' 13'' S,112,2020,7,15,9.4,,48.92,
230001,Cerro Moreno  Antofagasta  Ap.,23&deg 27' 13'' S,112,2020,7,16,9.8,15.3,49.64,59.540000000000006
230001,Cerro Moreno  Antofagasta  Ap.,23&deg 27' 13'' S,112,2020,7,17,12.7,15.5,54.86,59.9
230001,Cerro Moreno  Antofagasta  Ap.,23&deg 27' 13'' S,112,2020,7,18,12.9,15.3,55.22,59.540000000000006
230001,Cerro Moreno  Antofagasta  Ap.,23&deg 27' 13'' S,112,2020,7,19,12.2,15.7,53.96,60.26
230001,Cerro Moreno  Antofagasta  Ap.,23&deg 27' 13'' S,112,2020,7,20,13.0,15.5,55.4,59.9
230001,Cerro Moreno  Antofagasta  Ap.,23&deg 27' 13'' S,112,2020,7,21,13.7,15.9,56.66,60.62
230001,Cerro Moreno  Antofagasta  Ap.,23&deg 27' 13'' S,112,2020,7,22,12.2,16.1,53.96,60.980000000000004
230001,Cerro Moreno  Antofagasta  Ap.,23&deg 27' 13'' S,112,2020,7,23,12.4,15.7,54.32,60.26
230001,Cerro Moreno  Antofagasta  Ap.,23&deg 27' 13'' S,112,2020,7,24,7.9,15.9,46.22,60.62
230001,Cerro Moreno  Antofagasta  Ap.,23&deg 27' 13'' S,112,2020,7,25,8.2,16.9,46.76,62.42
230001,Cerro Moreno  Antofagasta  Ap.,23&deg 27' 13'' S,112,2020,7,26,8.7,18.5,47.66,65.3
230001,Cerro Moreno  Antofagasta  Ap.,23&deg 27' 13'' S,112,2020,7,27,10.6,15.8,51.08,60.440000000000005
230001,Cerro Moreno  Antofagasta  Ap.,23&deg 27' 13'' S,112,2020,7,28,12.2,14.9,53.96,58.82
230001,Cerro Moreno  Antofagasta  Ap.,23&deg 27' 13'' S,112,2020,7,29,10.6,17.6,51.08,63.68
230001,Cerro Moreno  Antofagasta  Ap.,23&deg 27' 13'' S,112,2020,7,30,10.2,15.1,50.36,59.18
230001,Cerro Moreno  Antofagasta  Ap.,23&deg 27' 13'' S,112,2020,7,31,8.3,16.5,46.94,61.7
270001,Mataveri  Isla de Pascua Ap.,27&deg 9' 32'' S,44,2020,7,1,15.5,19.2,59.9,66.56
270001,Mataveri  Isla de Pascua Ap.,27&deg 9' 32'' S,44,2020,7,2,15.1,17.7,59.18,63.86
270001,Mataveri  Isla de Pascua Ap.,27&deg 9' 32'' S,44,2020,7,3,17.1,21.4,62.78,70.52
270001,Mataveri  Isla de Pascua Ap.,27&deg 9' 32'' S,44,2020,7,4,18.4,,65.12,
270001,Mataveri  Isla de Pascua Ap.,27&deg 9' 32'' S,44,2020,7,5,,22.0,,71.6
270001,Mataveri  Isla de Pascua Ap.,27&deg 9' 32'' S,44,2020,7,6,15.1,21.7,59.18,71.06
270001,Mataveri  Isla de Pascua Ap.,27&deg 9' 32'' S,44,2020,7,7,16.0,23.2,60.8,73.75999999999999
270001,Mataveri  Isla de Pascua Ap.,27&deg 9' 32'' S,44,2020,7,8,17.1,23.9,62.78,75.02
270001,Mataveri  Isla de Pascua Ap.,27&deg 9' 32'' S,44,2020,7,9,18.9,23.4,66.02,74.12
270001,Mataveri  Isla de Pascua Ap.,27&deg 9' 32'' S,44,2020,7,10,19.1,22.9,66.38,73.22
270001,Mataveri  Isla de Pascua Ap.,27&deg 9' 32'' S,44,2020,7,11,16.9,21.1,62.42,69.98
270001,Mataveri  Isla de Pascua Ap.,27&deg 9' 32'' S,44,2020,7,12,14.7,19.9,58.459999999999994,67.82
270001,Mataveri  Isla de Pascua Ap.,27&deg 9' 32'' S,44,2020,7,13,13.8,20.1,56.84,68.18
270001,Mataveri  Isla de Pascua Ap.,27&deg 9' 32'' S,44,2020,7,14,11.1,21.0,51.98,69.8
270001,Mataveri  Isla de Pascua Ap.,27&deg 9' 32'' S,44,2020,7,15,11.7,21.2,53.06,70.16
270001,Mataveri  Isla de Pascua Ap.,27&deg 9' 32'' S,44,2020,7,16,17.3,21.5,63.14,70.7
270001,Mataveri  Isla de Pascua Ap.,27&deg 9' 32'' S,44,2020,7,17,16.4,21.8,61.519999999999996,71.24000000000001
270001,Mataveri  Isla de Pascua Ap.,27&deg 9' 32'' S,44,2020,7,18,17.2,21.5,62.959999999999994,70.7
270001,Mataveri  Isla de Pascua Ap.,27&deg 9' 32'' S,44,2020,7,19,17.3,21.0,63.14,69.8
270001,Mataveri  Isla de Pascua Ap.,27&deg 9' 32'' S,44,2020,7,20,15.4,22.6,59.72,72.68
270001,Mataveri  Isla de Pascua Ap.,27&deg 9' 32'' S,44,2020,7,21,18.3,22.7,64.94,72.86
270001,Mataveri  Isla de Pascua Ap.,27&deg 9' 32'' S,44,2020,7,22,18.8,21.2,65.84,70.16
270001,Mataveri  Isla de Pascua Ap.,27&deg 9' 32'' S,44,2020,7,23,17.6,20.5,63.68,68.9
270001,Mataveri  Isla de Pascua Ap.,27&deg 9' 32'' S,44,2020,7,24,15.4,19.9,59.72,67.82
270001,Mataveri  Isla de Pascua Ap.,27&deg 9' 32'' S,44,2020,7,25,16.8,20.5,62.24,68.9
270001,Mataveri  Isla de Pascua Ap.,27&deg 9' 32'' S,44,2020,7,26,14.5,19.9,58.1,67.82
270001,Mataveri  Isla de Pascua Ap.,27&deg 9' 32'' S,44,2020,7,27,11.4,20.2,52.52,68.36
270001,Mataveri  Isla de Pascua Ap.,27&deg 9' 32'' S,44,2020,7,28,11.2,20.1,52.16,68.18
270001,Mataveri  Isla de Pascua Ap.,27&deg 9' 32'' S,44,2020,7,29,11.1,20.1,51.98,68.18
270001,Mataveri  Isla de Pascua Ap.,27&deg 9' 32'' S,44,2020,7,30,14.9,21.0,58.82,69.8
270001,Mataveri  Isla de Pascua Ap.,27&deg 9' 32'' S,44,2020,7,31,17.5,20.5,63.5,68.9
270008,"Desierto de Atacama, Caldera  Ad.",27&deg 15' 16'' S,197,2020,7,1,6.7,21.7,44.06,71.06
270008,"Desierto de Atacama, Caldera  Ad.",27&deg 15' 16'' S,197,2020,7,2,6.9,20.2,44.42,68.36
270008,"Desierto de Atacama, Caldera  Ad.",27&deg 15' 16'' S,197,2020,7,3,9.8,15.6,49.64,60.08
270008,"Desierto de Atacama, Caldera  Ad.",27&deg 15' 16'' S,197,2020,7,4,11.4,18.1,52.52,64.58
270008,"Desierto de Atacama, Caldera  Ad.",27&deg 15' 16'' S,197,2020,7,5,7.5,20.7,45.5,69.25999999999999
270008,"Desierto de Atacama, Caldera  Ad.",27&deg 15' 16'' S,197,2020,7,6,7.9,14.8,46.22,58.64
270008,"Desierto de Atacama, Caldera  Ad.",27&deg 15' 16'' S,197,2020,7,7,9.1,17.1,48.379999999999995,62.78
270008,"Desierto de Atacama, Caldera  Ad.",27&deg 15' 16'' S,197,2020,7,8,8.7,21.0,47.66,69.8
270008,"Desierto de Atacama, Caldera  Ad.",27&deg 15' 16'' S,197,2020,7,9,4.9,19.7,40.82,67.46
270008,"Desierto de Atacama, Caldera  Ad.",27&deg 15' 16'' S,197,2020,7,10,10.8,16.2,51.44,61.16
270008,"Desierto de Atacama, Caldera  Ad.",27&deg 15' 16'' S,197,2020,7,11,11.2,15.8,52.16,60.440000000000005
270008,"Desierto de Atacama, Caldera  Ad.",27&deg 15' 16'' S,197,2020,7,12,8.7,15.4,47.66,59.72
270008,"Desierto de Atacama, Caldera  Ad.",27&deg 15' 16'' S,197,2020,7,13,10.6,17.7,51.08,63.86
270008,"Desierto de Atacama, Caldera  Ad.",27&deg 15' 16'' S,197,2020,7,14,8.8,18.0,47.84,64.4
270008,"Desierto de Atacama, Caldera  Ad.",27&deg 15' 16'' S,197,2020,7,15,7.4,17.7,45.32,63.86
270008,"Desierto de Atacama, Caldera  Ad.",27&deg 15' 16'' S,197,2020,7,16,5.5,20.0,41.9,68.0
270008,"Desierto de Atacama, Caldera  Ad.",27&deg 15' 16'' S,197,2020,7,17,7.3,14.8,45.14,58.64
270008,"Desierto de Atacama, Caldera  Ad.",27&deg 15' 16'' S,197,2020,7,18,8.5,14.7,47.3,58.459999999999994
270008,"Desierto de Atacama, Caldera  Ad.",27&deg 15' 16'' S,197,2020,7,19,7.2,17.1,44.96,62.78
270008,"Desierto de Atacama, Caldera  Ad.",27&deg 15' 16'' S,197,2020,7,20,6.5,20.0,43.7,68.0
270008,"Desierto de Atacama, Caldera  Ad.",27&deg 15' 16'' S,197,2020,7,21,5.9,18.9,42.620000000000005,66.02
270008,"Desierto de Atacama, Caldera  Ad.",27&deg 15' 16'' S,197,2020,7,22,6.2,15.8,43.16,60.440000000000005
270008,"Desierto de Atacama, Caldera  Ad.",27&deg 15' 16'' S,197,2020,7,23,5.3,15.6,41.54,60.08
270008,"Desierto de Atacama, Caldera  Ad.",27&deg 15' 16'' S,197,2020,7,24,4.9,17.9,40.82,64.22
270008,"Desierto de Atacama, Caldera  Ad.",27&deg 15' 16'' S,197,2020,7,25,7.0,22.4,44.6,72.32
270008,"Desierto de Atacama, Caldera  Ad.",27&deg 15' 16'' S,197,2020,7,26,6.6,16.0,43.879999999999995,60.8
270008,"Desierto de Atacama, Caldera  Ad.",27&deg 15' 16'' S,197,2020,7,27,9.1,16.3,48.379999999999995,61.34
270008,"Desierto de Atacama, Caldera  Ad.",27&deg 15' 16'' S,197,2020,7,28,5.3,19.0,41.54,66.2
270008,"Desierto de Atacama, Caldera  Ad.",27&deg 15' 16'' S,197,2020,7,29,7.0,16.2,44.6,61.16
270008,"Desierto de Atacama, Caldera  Ad.",27&deg 15' 16'' S,197,2020,7,30,7.6,20.9,45.68,69.62
270008,"Desierto de Atacama, Caldera  Ad.",27&deg 15' 16'' S,197,2020,7,31,6.4,22.9,43.519999999999996,73.22
290004,"La Florida, La Serena Ad.",29&deg 54' 52'' S,137,2020,7,1,9.0,20.0,48.2,68.0
290004,"La Florida, La Serena Ad.",29&deg 54' 52'' S,137,2020,7,2,9.0,18.5,48.2,65.3
290004,"La Florida, La Serena Ad.",29&deg 54' 52'' S,137,2020,7,3,7.5,14.7,45.5,58.459999999999994
290004,"La Florida, La Serena Ad.",29&deg 54' 52'' S,137,2020,7,4,7.1,15.1,44.78,59.18
290004,"La Florida, La Serena Ad.",29&deg 54' 52'' S,137,2020,7,5,8.7,15.6,47.66,60.08
290004,"La Florida, La Serena Ad.",29&deg 54' 52'' S,137,2020,7,6,7.4,13.8,45.32,56.84
290004,"La Florida, La Serena Ad.",29&deg 54' 52'' S,137,2020,7,7,9.0,16.4,48.2,61.519999999999996
290004,"La Florida, La Serena Ad.",29&deg 54' 52'' S,137,2020,7,8,8.0,16.6,46.4,61.88
290004,"La Florida, La Serena Ad.",29&deg 54' 52'' S,137,2020,7,9,7.4,17.4,45.32,63.32
290004,"La Florida, La Serena Ad.",29&deg 54' 52'' S,137,2020,7,10,7.2,15.4,44.96,59.72
290004,"La Florida, La Serena Ad.",29&deg 54' 52'' S,137,2020,7,11,7.4,13.9,45.32,57.02
290004,"La Florida, La Serena Ad.",29&deg 54' 52'' S,137,2020,7,12,6.6,16.7,43.879999999999995,62.059999999999995
290004,"La Florida, La Serena Ad.",29&deg 54' 52'' S,137,2020,7,13,7.2,14.6,44.96,58.28
290004,"La Florida, La Serena Ad.",29&deg 54' 52'' S,137,2020,7,14,7.5,12.1,45.5,53.78
290004,"La Florida, La Serena Ad.",29&deg 54' 52'' S,137,2020,7,15,7.9,13.4,46.22,56.120000000000005
290004,"La Florida, La Serena Ad.",29&deg 54' 52'' S,137,2020,7,16,7.2,15.9,44.96,60.62
290004,"La Florida, La Serena Ad.",29&deg 54' 52'' S,137,2020,7,17,8.4,14.1,47.120000000000005,57.379999999999995
290004,"La Florida, La Serena Ad.",29&deg 54' 52'' S,137,2020,7,18,7.4,15.4,45.32,59.72
290004,"La Florida, La Serena Ad.",29&deg 54' 52'' S,137,2020,7,19,8.8,15.5,47.84,59.9
290004,"La Florida, La Serena Ad.",29&deg 54' 52'' S,137,2020,7,20,7.8,19.4,46.04,66.92
290004,"La Florida, La Serena Ad.",29&deg 54' 52'' S,137,2020,7,21,7.9,17.6,46.22,63.68
290004,"La Florida, La Serena Ad.",29&deg 54' 52'' S,137,2020,7,22,8.3,15.8,46.94,60.440000000000005
290004,"La Florida, La Serena Ad.",29&deg 54' 52'' S,137,2020,7,23,6.1,15.4,42.980000000000004,59.72
290004,"La Florida, La Serena Ad.",29&deg 54' 52'' S,137,2020,7,24,5.6,18.1,42.08,64.58
290004,"La Florida, La Serena Ad.",29&deg 54' 52'' S,137,2020,7,25,6.8,19.7,44.239999999999995,67.46
290004,"La Florida, La Serena Ad.",29&deg 54' 52'' S,137,2020,7,26,7.3,17.7,45.14,63.86
290004,"La Florida, La Serena Ad.",29&deg 54' 52'' S,137,2020,7,27,7.5,18.0,45.5,64.4
290004,"La Florida, La Serena Ad.",29&deg 54' 52'' S,137,2020,7,28,7.0,18.1,44.6,64.58
290004,"La Florida, La Serena Ad.",29&deg 54' 52'' S,137,2020,7,29,5.8,16.2,42.44,61.16
290004,"La Florida, La Serena Ad.",29&deg 54' 52'' S,137,2020,7,30,8.1,18.9,46.58,66.02
290004,"La Florida, La Serena Ad.",29&deg 54' 52'' S,137,2020,7,31,9.1,22.8,48.379999999999995,73.04
330007,"Rodelillo, Ad.",33&deg 3' 55'' S,330,2020,7,1,9.2,16.4,48.56,61.519999999999996
330007,"Rodelillo, Ad.",33&deg 3' 55'' S,330,2020,7,2,8.3,19.0,46.94,66.2
330007,"Rodelillo, Ad.",33&deg 3' 55'' S,330,2020,7,3,7.1,16.3,44.78,61.34
330007,"Rodelillo, Ad.",33&deg 3' 55'' S,330,2020,7,4,9.2,11.3,48.56,52.34
330007,"Rodelillo, Ad.",33&deg 3' 55'' S,330,2020,7,5,6.0,14.6,42.8,58.28
330007,"Rodelillo, Ad.",33&deg 3' 55'' S,330,2020,7,6,7.5,14.2,45.5,57.56
330007,"Rodelillo, Ad.",33&deg 3' 55'' S,330,2020,7,7,5.8,12.3,42.44,54.14
330007,"Rodelillo, Ad.",33&deg 3' 55'' S,330,2020,7,8,7.9,16.0,46.22,60.8
330007,"Rodelillo, Ad.",33&deg 3' 55'' S,330,2020,7,9,7.7,18.8,45.86,65.84
330007,"Rodelillo, Ad.",33&deg 3' 55'' S,330,2020,7,10,8.1,16.9,46.58,62.42
330007,"Rodelillo, Ad.",33&deg 3' 55'' S,330,2020,7,11,7.1,15.6,44.78,60.08
330007,"Rodelillo, Ad.",33&deg 3' 55'' S,330,2020,7,12,7.9,22.3,46.22,72.14
330007,"Rodelillo, Ad.",33&deg 3' 55'' S,330,2020,7,13,11.7,25.9,53.06,78.62
330007,"Rodelillo, Ad.",33&deg 3' 55'' S,330,2020,7,14,14.2,27.5,57.56,81.5
330007,"Rodelillo, Ad.",33&deg 3' 55'' S,330,2020,7,15,5.4,10.0,41.72,50.0
330007,"Rodelillo, Ad.",33&deg 3' 55'' S,330,2020,7,16,5.7,12.4,42.260000000000005,54.32
330007,"Rodelillo, Ad.",33&deg 3' 55'' S,330,2020,7,17,7.2,10.8,44.96,51.44
330007,"Rodelillo, Ad.",33&deg 3' 55'' S,330,2020,7,18,8.9,11.4,48.02,52.52
330007,"Rodelillo, Ad.",33&deg 3' 55'' S,330,2020,7,19,10.4,14.6,50.72,58.28
330007,"Rodelillo, Ad.",33&deg 3' 55'' S,330,2020,7,20,10.3,13.7,50.54,56.66
330007,"Rodelillo, Ad.",33&deg 3' 55'' S,330,2020,7,21,8.8,12.9,47.84,55.22
330007,"Rodelillo, Ad.",33&deg 3' 55'' S,330,2020,7,22,5.9,13.5,42.620000000000005,56.3
330007,"Rodelillo, Ad.",33&deg 3' 55'' S,330,2020,7,23,5.0,13.5,41.0,56.3
330007,"Rodelillo, Ad.",33&deg 3' 55'' S,330,2020,7,24,4.2,15.2,39.56,59.36
330007,"Rodelillo, Ad.",33&deg 3' 55'' S,330,2020,7,25,6.2,17.9,43.16,64.22
330007,"Rodelillo, Ad.",33&deg 3' 55'' S,330,2020,7,26,7.4,16.2,45.32,61.16
330007,"Rodelillo, Ad.",33&deg 3' 55'' S,330,2020,7,27,10.1,16.8,50.18,62.24
330007,"Rodelillo, Ad.",33&deg 3' 55'' S,330,2020,7,28,5.7,20.4,42.260000000000005,68.72
330007,"Rodelillo, Ad.",33&deg 3' 55'' S,330,2020,7,29,7.0,20.2,44.6,68.36
330007,"Rodelillo, Ad.",33&deg 3' 55'' S,330,2020,7,30,5.4,15.8,41.72,60.440000000000005
330007,"Rodelillo, Ad.",33&deg 3' 55'' S,330,2020,7,31,7.1,22.6,44.78,72.68
330019,"Eulogio Sánchez, Tobalaba Ad.",33&deg 27' 19'' S,650,2020,7,1,,13.2,,55.76
330019,"Eulogio Sánchez, Tobalaba Ad.",33&deg 27' 19'' S,650,2020,7,2,,17.3,,63.14
330019,"Eulogio Sánchez, Tobalaba Ad.",33&deg 27' 19'' S,650,2020,7,3,,,,
330019,"Eulogio Sánchez, Tobalaba Ad.",33&deg 27' 19'' S,650,2020,7,4,,9.3,,48.74
330019,"Eulogio Sánchez, Tobalaba Ad.",33&deg 27' 19'' S,650,2020,7,5,,12.3,,54.14
330019,"Eulogio Sánchez, Tobalaba Ad.",33&deg 27' 19'' S,650,2020,7,6,,12.3,,54.14
330019,"Eulogio Sánchez, Tobalaba Ad.",33&deg 27' 19'' S,650,2020,7,7,,12.6,,54.68
330019,"Eulogio Sánchez, Tobalaba Ad.",33&deg 27' 19'' S,650,2020,7,8,,13.4,,56.120000000000005
330019,"Eulogio Sánchez, Tobalaba Ad.",33&deg 27' 19'' S,650,2020,7,9,,16.4,,61.519999999999996
330019,"Eulogio Sánchez, Tobalaba Ad.",33&deg 27' 19'' S,650,2020,7,10,,13.4,,56.120000000000005
330019,"Eulogio Sánchez, Tobalaba Ad.",33&deg 27' 19'' S,650,2020,7,11,,14.9,,58.82
330019,"Eulogio Sánchez, Tobalaba Ad.",33&deg 27' 19'' S,650,2020,7,12,,17.3,,63.14
330019,"Eulogio Sánchez, Tobalaba Ad.",33&deg 27' 19'' S,650,2020,7,13,,22.4,,72.32
330019,"Eulogio Sánchez, Tobalaba Ad.",33&deg 27' 19'' S,650,2020,7,14,,23.0,,73.4
330019,"Eulogio Sánchez, Tobalaba Ad.",33&deg 27' 19'' S,650,2020,7,15,,22.4,,72.32
330019,"Eulogio Sánchez, Tobalaba Ad.",33&deg 27' 19'' S,650,2020,7,16,,12.2,,53.96
330019,"Eulogio Sánchez, Tobalaba Ad.",33&deg 27' 19'' S,650,2020,7,17,,12.7,,54.86
330019,"Eulogio Sánchez, Tobalaba Ad.",33&deg 27' 19'' S,650,2020,7,18,,12.8,,55.04
330019,"Eulogio Sánchez, Tobalaba Ad.",33&deg 27' 19'' S,650,2020,7,19,,15.8,,60.440000000000005
330019,"Eulogio Sánchez, Tobalaba Ad.",33&deg 27' 19'' S,650,2020,7,20,,16.6,,61.88
330019,"Eulogio Sánchez, Tobalaba Ad.",33&deg 27' 19'' S,650,2020,7,21,,8.7,,47.66
330019,"Eulogio Sánchez, Tobalaba Ad.",33&deg 27' 19'' S,650,2020,7,22,,12.4,,54.32
330019,"Eulogio Sánchez, Tobalaba Ad.",33&deg 27' 19'' S,650,2020,7,23,,12.1,,53.78
330019,"Eulogio Sánchez, Tobalaba Ad.",33&deg 27' 19'' S,650,2020,7,24,,14.1,,57.379999999999995
330019,"Eulogio Sánchez, Tobalaba Ad.",33&deg 27' 19'' S,650,2020,7,25,,11.4,,52.52
330019,"Eulogio Sánchez, Tobalaba Ad.",33&deg 27' 19'' S,650,2020,7,26,,12.1,,53.78
330019,"Eulogio Sánchez, Tobalaba Ad.",33&deg 27' 19'' S,650,2020,7,27,,12.6,,54.68
330019,"Eulogio Sánchez, Tobalaba Ad.",33&deg 27' 19'' S,650,2020,7,28,,17.5,,63.5
330019,"Eulogio Sánchez, Tobalaba Ad.",33&deg 27' 19'' S,650,2020,7,29,,22.7,,72.86
330019,"Eulogio Sánchez, Tobalaba Ad.",33&deg 27' 19'' S,650,2020,7,30,,15.9,,60.62
330019,"Eulogio Sánchez, Tobalaba Ad.",33&deg 27' 19'' S,650,2020,7,31,,18.4,,65.12
330020,"Quinta Normal, Santiago",33&deg 26' 42'' S,534,2020,7,1,7.4,14.8,45.32,58.64
330020,"Quinta Normal, Santiago",33&deg 26' 42'' S,534,2020,7,2,3.4,17.7,38.12,63.86
330020,"Quinta Normal, Santiago",33&deg 26' 42'' S,534,2020,7,3,4.1,18.6,39.38,65.48
330020,"Quinta Normal, Santiago",33&deg 26' 42'' S,534,2020,7,4,5.1,9.4,41.18,48.92
330020,"Quinta Normal, Santiago",33&deg 26' 42'' S,534,2020,7,5,2.7,13.3,36.86,55.94
330020,"Quinta Normal, Santiago",33&deg 26' 42'' S,534,2020,7,6,5.9,12.6,42.620000000000005,54.68
330020,"Quinta Normal, Santiago",33&deg 26' 42'' S,534,2020,7,7,4.0,15.3,39.2,59.540000000000006
330020,"Quinta Normal, Santiago",33&deg 26' 42'' S,534,2020,7,8,6.5,14.9,43.7,58.82
330020,"Quinta Normal, Santiago",33&deg 26' 42'' S,534,2020,7,9,5.8,17.3,42.44,63.14
330020,"Quinta Normal, Santiago",33&deg 26' 42'' S,534,2020,7,10,6.2,14.3,43.16,57.74
330020,"Quinta Normal, Santiago",33&deg 26' 42'' S,534,2020,7,11,4.1,15.8,39.38,60.440000000000005
330020,"Quinta Normal, Santiago",33&deg 26' 42'' S,534,2020,7,12,4.5,18.2,40.1,64.75999999999999
330020,"Quinta Normal, Santiago",33&deg 26' 42'' S,534,2020,7,13,3.8,23.4,38.839999999999996,74.12
330020,"Quinta Normal, Santiago",33&deg 26' 42'' S,534,2020,7,14,3.1,23.8,37.58,74.84
330020,"Quinta Normal, Santiago",33&deg 26' 42'' S,534,2020,7,15,2.6,22.5,36.68,72.5
330020,"Quinta Normal, Santiago",33&deg 26' 42'' S,534,2020,7,16,3.8,11.3,38.839999999999996,52.34
330020,"Quinta Normal, Santiago",33&deg 26' 42'' S,534,2020,7,17,6.1,13.7,42.980000000000004,56.66
330020,"Quinta Normal, Santiago",33&deg 26' 42'' S,534,2020,7,18,6.6,13.9,43.879999999999995,57.02
330020,"Quinta Normal, Santiago",33&deg 26' 42'' S,534,2020,7,19,7.1,17.9,44.78,64.22
330020,"Quinta Normal, Santiago",33&deg 26' 42'' S,534,2020,7,20,4.7,17.9,40.46,64.22
330020,"Quinta Normal, Santiago",33&deg 26' 42'' S,534,2020,7,21,6.3,11.8,43.34,53.24
330020,"Quinta Normal, Santiago",33&deg 26' 42'' S,534,2020,7,22,1.8,14.0,35.24,57.2
330020,"Quinta Normal, Santiago",33&deg 26' 42'' S,534,2020,7,23,0.6,14.1,33.08,57.379999999999995
330020,"Quinta Normal, Santiago",33&deg 26' 42'' S,534,2020,7,24,-0.2,14.9,31.64,58.82
330020,"Quinta Normal, Santiago",33&deg 26' 42'' S,534,2020,7,25,0.3,12.6,32.54,54.68
330020,"Quinta Normal, Santiago",33&deg 26' 42'' S,534,2020,7,26,5.9,13.0,42.620000000000005,55.4
330020,"Quinta Normal, Santiago",33&deg 26' 42'' S,534,2020,7,27,6.1,14.0,42.980000000000004,57.2
330020,"Quinta Normal, Santiago",33&deg 26' 42'' S,534,2020,7,28,-0.1,18.4,31.82,65.12
330020,"Quinta Normal, Santiago",33&deg 26' 42'' S,534,2020,7,29,0.9,23.0,33.62,73.4
330020,"Quinta Normal, Santiago",33&deg 26' 42'' S,534,2020,7,30,2.7,17.0,36.86,62.6
330020,"Quinta Normal, Santiago",33&deg 26' 42'' S,534,2020,7,31,2.7,18.2,36.86,64.75999999999999
330021,Pudahuel Santiago ,33&deg 22' 42'' S,482,2020,7,1,7.7,13.9,45.86,57.02
330021,Pudahuel Santiago ,33&deg 22' 42'' S,482,2020,7,2,2.4,16.8,36.32,62.24
330021,Pudahuel Santiago ,33&deg 22' 42'' S,482,2020,7,3,3.3,17.4,37.94,63.32
330021,Pudahuel Santiago ,33&deg 22' 42'' S,482,2020,7,4,5.7,9.9,42.260000000000005,49.82
330021,Pudahuel Santiago ,33&deg 22' 42'' S,482,2020,7,5,2.0,12.9,35.6,55.22
330021,Pudahuel Santiago ,33&deg 22' 42'' S,482,2020,7,6,6.2,12.1,43.16,53.78
330021,Pudahuel Santiago ,33&deg 22' 42'' S,482,2020,7,7,4.6,13.7,40.28,56.66
330021,Pudahuel Santiago ,33&deg 22' 42'' S,482,2020,7,8,7.2,14.4,44.96,57.92
330021,Pudahuel Santiago ,33&deg 22' 42'' S,482,2020,7,9,6.0,16.4,42.8,61.519999999999996
330021,Pudahuel Santiago ,33&deg 22' 42'' S,482,2020,7,10,6.4,15.0,43.519999999999996,59.0
330021,Pudahuel Santiago ,33&deg 22' 42'' S,482,2020,7,11,3.5,15.8,38.3,60.440000000000005
330021,Pudahuel Santiago ,33&deg 22' 42'' S,482,2020,7,12,5.2,18.1,41.36,64.58
330021,Pudahuel Santiago ,33&deg 22' 42'' S,482,2020,7,13,2.8,21.5,37.04,70.7
330021,Pudahuel Santiago ,33&deg 22' 42'' S,482,2020,7,14,2.4,22.5,36.32,72.5
330021,Pudahuel Santiago ,33&deg 22' 42'' S,482,2020,7,15,2.7,21.7,36.86,71.06
330021,Pudahuel Santiago ,33&deg 22' 42'' S,482,2020,7,16,3.0,10.6,37.4,51.08
330021,Pudahuel Santiago ,33&deg 22' 42'' S,482,2020,7,17,5.5,13.9,41.9,57.02
330021,Pudahuel Santiago ,33&deg 22' 42'' S,482,2020,7,18,6.7,14.6,44.06,58.28
330021,Pudahuel Santiago ,33&deg 22' 42'' S,482,2020,7,19,6.9,17.0,44.42,62.6
330021,Pudahuel Santiago ,33&deg 22' 42'' S,482,2020,7,20,4.0,17.3,39.2,63.14
330021,Pudahuel Santiago ,33&deg 22' 42'' S,482,2020,7,21,8.6,9.1,47.48,48.379999999999995
330021,Pudahuel Santiago ,33&deg 22' 42'' S,482,2020,7,22,2.2,12.4,35.96,54.32
330021,Pudahuel Santiago ,33&deg 22' 42'' S,482,2020,7,23,-0.5,12.8,31.1,55.04
330021,Pudahuel Santiago ,33&deg 22' 42'' S,482,2020,7,24,-0.1,14.0,31.82,57.2
330021,Pudahuel Santiago ,33&deg 22' 42'' S,482,2020,7,25,-0.4,13.2,31.28,55.76
330021,Pudahuel Santiago ,33&deg 22' 42'' S,482,2020,7,26,5.3,12.8,41.54,55.04
330021,Pudahuel Santiago ,33&deg 22' 42'' S,482,2020,7,27,6.1,14.7,42.980000000000004,58.459999999999994
330021,Pudahuel Santiago ,33&deg 22' 42'' S,482,2020,7,28,-0.7,17.7,30.74,63.86
330021,Pudahuel Santiago ,33&deg 22' 42'' S,482,2020,7,29,0.4,23.3,32.72,73.94
330021,Pudahuel Santiago ,33&deg 22' 42'' S,482,2020,7,30,2.3,15.7,36.14,60.26
330021,Pudahuel Santiago ,33&deg 22' 42'' S,482,2020,7,31,2.3,18.2,36.14,64.75999999999999
330030,"Santo Domingo, Ad.",33&deg 39' 22'' S,77,2020,7,1,10.2,18.1,50.36,64.58
330030,"Santo Domingo, Ad.",33&deg 39' 22'' S,77,2020,7,2,5.5,17.6,41.9,63.68
330030,"Santo Domingo, Ad.",33&deg 39' 22'' S,77,2020,7,3,5.8,16.4,42.44,61.519999999999996
330030,"Santo Domingo, Ad.",33&deg 39' 22'' S,77,2020,7,4,11.2,11.8,52.16,53.24
330030,"Santo Domingo, Ad.",33&deg 39' 22'' S,77,2020,7,5,6.7,14.4,44.06,57.92
330030,"Santo Domingo, Ad.",33&deg 39' 22'' S,77,2020,7,6,6.0,12.9,42.8,55.22
330030,"Santo Domingo, Ad.",33&deg 39' 22'' S,77,2020,7,7,4.4,14.1,39.92,57.379999999999995
330030,"Santo Domingo, Ad.",33&deg 39' 22'' S,77,2020,7,8,9.8,15.7,49.64,60.26
330030,"Santo Domingo, Ad.",33&deg 39' 22'' S,77,2020,7,9,5.8,15.9,42.44,60.62
330030,"Santo Domingo, Ad.",33&deg 39' 22'' S,77,2020,7,10,5.3,15.2,41.54,59.36
330030,"Santo Domingo, Ad.",33&deg 39' 22'' S,77,2020,7,11,4.7,13.2,40.46,55.76
330030,"Santo Domingo, Ad.",33&deg 39' 22'' S,77,2020,7,12,5.8,18.5,42.44,65.3
330030,"Santo Domingo, Ad.",33&deg 39' 22'' S,77,2020,7,13,5.3,22.0,41.54,71.6
330030,"Santo Domingo, Ad.",33&deg 39' 22'' S,77,2020,7,14,7.5,22.0,45.5,71.6
330030,"Santo Domingo, Ad.",33&deg 39' 22'' S,77,2020,7,15,6.9,13.9,44.42,57.02
330030,"Santo Domingo, Ad.",33&deg 39' 22'' S,77,2020,7,16,7.2,13.1,44.96,55.58
330030,"Santo Domingo, Ad.",33&deg 39' 22'' S,77,2020,7,17,8.1,14.3,46.58,57.74
330030,"Santo Domingo, Ad.",33&deg 39' 22'' S,77,2020,7,18,11.2,14.6,52.16,58.28
330030,"Santo Domingo, Ad.",33&deg 39' 22'' S,77,2020,7,19,11.9,16.6,53.42,61.88
330030,"Santo Domingo, Ad.",33&deg 39' 22'' S,77,2020,7,20,9.7,16.7,49.46,62.059999999999995
330030,"Santo Domingo, Ad.",33&deg 39' 22'' S,77,2020,7,21,10.4,15.0,50.72,59.0
330030,"Santo Domingo, Ad.",33&deg 39' 22'' S,77,2020,7,22,5.6,13.8,42.08,56.84
330030,"Santo Domingo, Ad.",33&deg 39' 22'' S,77,2020,7,23,3.0,13.2,37.4,55.76
330030,"Santo Domingo, Ad.",33&deg 39' 22'' S,77,2020,7,24,1.6,14.2,34.88,57.56
330030,"Santo Domingo, Ad.",33&deg 39' 22'' S,77,2020,7,25,2.0,15.2,35.6,59.36
330030,"Santo Domingo, Ad.",33&deg 39' 22'' S,77,2020,7,26,4.3,15.2,39.74,59.36
330030,"Santo Domingo, Ad.",33&deg 39' 22'' S,77,2020,7,27,8.4,17.3,47.120000000000005,63.14
330030,"Santo Domingo, Ad.",33&deg 39' 22'' S,77,2020,7,28,3.6,17.2,38.48,62.959999999999994
330030,"Santo Domingo, Ad.",33&deg 39' 22'' S,77,2020,7,29,2.0,15.7,35.6,60.26
330030,"Santo Domingo, Ad.",33&deg 39' 22'' S,77,2020,7,30,3.2,13.9,37.76,57.02
330030,"Santo Domingo, Ad.",33&deg 39' 22'' S,77,2020,7,31,4.1,19.8,39.38,67.64
330031,"Juan Fernández, Estación Meteorológica.",33&deg 38' 9'' S,40,2020,7,1,14.0,16.8,57.2,62.24
330031,"Juan Fernández, Estación Meteorológica.",33&deg 38' 9'' S,40,2020,7,2,9.4,16.6,48.92,61.88
330031,"Juan Fernández, Estación Meteorológica.",33&deg 38' 9'' S,40,2020,7,3,14.4,15.8,57.92,60.440000000000005
330031,"Juan Fernández, Estación Meteorológica.",33&deg 38' 9'' S,40,2020,7,4,9.3,12.7,48.74,54.86
330031,"Juan Fernández, Estación Meteorológica.",33&deg 38' 9'' S,40,2020,7,5,8.7,14.9,47.66,58.82
330031,"Juan Fernández, Estación Meteorológica.",33&deg 38' 9'' S,40,2020,7,6,9.2,14.0,48.56,57.2
330031,"Juan Fernández, Estación Meteorológica.",33&deg 38' 9'' S,40,2020,7,7,10.7,15.2,51.26,59.36
330031,"Juan Fernández, Estación Meteorológica.",33&deg 38' 9'' S,40,2020,7,8,11.2,14.6,52.16,58.28
330031,"Juan Fernández, Estación Meteorológica.",33&deg 38' 9'' S,40,2020,7,9,8.2,16.0,46.76,60.8
330031,"Juan Fernández, Estación Meteorológica.",33&deg 38' 9'' S,40,2020,7,10,13.7,15.1,56.66,59.18
330031,"Juan Fernández, Estación Meteorológica.",33&deg 38' 9'' S,40,2020,7,11,11.1,15.5,51.98,59.9
330031,"Juan Fernández, Estación Meteorológica.",33&deg 38' 9'' S,40,2020,7,12,10.7,15.3,51.26,59.540000000000006
330031,"Juan Fernández, Estación Meteorológica.",33&deg 38' 9'' S,40,2020,7,13,10.8,14.4,51.44,57.92
330031,"Juan Fernández, Estación Meteorológica.",33&deg 38' 9'' S,40,2020,7,14,7.8,14.4,46.04,57.92
330031,"Juan Fernández, Estación Meteorológica.",33&deg 38' 9'' S,40,2020,7,15,8.6,14.1,47.48,57.379999999999995
330031,"Juan Fernández, Estación Meteorológica.",33&deg 38' 9'' S,40,2020,7,16,12.6,15.8,54.68,60.440000000000005
330031,"Juan Fernández, Estación Meteorológica.",33&deg 38' 9'' S,40,2020,7,17,12.4,16.6,54.32,61.88
330031,"Juan Fernández, Estación Meteorológica.",33&deg 38' 9'' S,40,2020,7,18,13.0,15.8,55.4,60.440000000000005
330031,"Juan Fernández, Estación Meteorológica.",33&deg 38' 9'' S,40,2020,7,19,10.0,15.9,50.0,60.62
330031,"Juan Fernández, Estación Meteorológica.",33&deg 38' 9'' S,40,2020,7,20,8.7,14.3,47.66,57.74
330031,"Juan Fernández, Estación Meteorológica.",33&deg 38' 9'' S,40,2020,7,21,10.4,14.0,50.72,57.2
330031,"Juan Fernández, Estación Meteorológica.",33&deg 38' 9'' S,40,2020,7,22,7.8,13.8,46.04,56.84
330031,"Juan Fernández, Estación Meteorológica.",33&deg 38' 9'' S,40,2020,7,23,10.5,14.5,50.9,58.1
330031,"Juan Fernández, Estación Meteorológica.",33&deg 38' 9'' S,40,2020,7,24,8.0,14.0,46.4,57.2
330031,"Juan Fernández, Estación Meteorológica.",33&deg 38' 9'' S,40,2020,7,25,9.3,16.3,48.74,61.34
330031,"Juan Fernández, Estación Meteorológica.",33&deg 38' 9'' S,40,2020,7,26,13.0,17.1,55.4,62.78
330031,"Juan Fernández, Estación Meteorológica.",33&deg 38' 9'' S,40,2020,7,27,10.3,15.8,50.54,60.440000000000005
330031,"Juan Fernández, Estación Meteorológica.",33&deg 38' 9'' S,40,2020,7,28,9.0,14.1,48.2,57.379999999999995
330031,"Juan Fernández, Estación Meteorológica.",33&deg 38' 9'' S,40,2020,7,29,6.1,13.5,42.980000000000004,56.3
330031,"Juan Fernández, Estación Meteorológica.",33&deg 38' 9'' S,40,2020,7,30,10.6,15.7,51.08,60.26
330031,"Juan Fernández, Estación Meteorológica.",33&deg 38' 9'' S,40,2020,7,31,13.2,16.6,55.76,61.88
340031,"General Freire, Curicó Ad.",34&deg 58' 10'' S,229,2020,7,1,8.8,17.0,47.84,62.6
340031,"General Freire, Curicó Ad.",34&deg 58' 10'' S,229,2020,7,2,7.1,11.7,44.78,53.06
340031,"General Freire, Curicó Ad.",34&deg 58' 10'' S,229,2020,7,3,8.1,12.7,46.58,54.86
340031,"General Freire, Curicó Ad.",34&deg 58' 10'' S,229,2020,7,4,7.3,10.1,45.14,50.18
340031,"General Freire, Curicó Ad.",34&deg 58' 10'' S,229,2020,7,5,7.6,14.0,45.68,57.2
340031,"General Freire, Curicó Ad.",34&deg 58' 10'' S,229,2020,7,6,6.4,8.1,43.519999999999996,46.58
340031,"General Freire, Curicó Ad.",34&deg 58' 10'' S,229,2020,7,7,4.9,13.3,40.82,55.94
340031,"General Freire, Curicó Ad.",34&deg 58' 10'' S,229,2020,7,8,5.5,12.9,41.9,55.22
340031,"General Freire, Curicó Ad.",34&deg 58' 10'' S,229,2020,7,9,6.5,14.1,43.7,57.379999999999995
340031,"General Freire, Curicó Ad.",34&deg 58' 10'' S,229,2020,7,10,7.5,14.2,45.5,57.56
340031,"General Freire, Curicó Ad.",34&deg 58' 10'' S,229,2020,7,11,6.7,9.5,44.06,49.1
340031,"General Freire, Curicó Ad.",34&deg 58' 10'' S,229,2020,7,12,3.8,15.9,38.839999999999996,60.62
340031,"General Freire, Curicó Ad.",34&deg 58' 10'' S,229,2020,7,13,4.3,11.6,39.74,52.879999999999995
340031,"General Freire, Curicó Ad.",34&deg 58' 10'' S,229,2020,7,14,5.3,14.1,41.54,57.379999999999995
340031,"General Freire, Curicó Ad.",34&deg 58' 10'' S,229,2020,7,15,2.0,19.8,35.6,67.64
340031,"General Freire, Curicó Ad.",34&deg 58' 10'' S,229,2020,7,16,8.6,10.4,47.48,50.72
340031,"General Freire, Curicó Ad.",34&deg 58' 10'' S,229,2020,7,17,8.2,12.9,46.76,55.22
340031,"General Freire, Curicó Ad.",34&deg 58' 10'' S,229,2020,7,18,10.9,13.9,51.620000000000005,57.02
340031,"General Freire, Curicó Ad.",34&deg 58' 10'' S,229,2020,7,19,11.7,17.6,53.06,63.68
340031,"General Freire, Curicó Ad.",34&deg 58' 10'' S,229,2020,7,20,10.1,17.6,50.18,63.68
340031,"General Freire, Curicó Ad.",34&deg 58' 10'' S,229,2020,7,21,8.6,11.8,47.48,53.24
340031,"General Freire, Curicó Ad.",34&deg 58' 10'' S,229,2020,7,22,1.4,14.9,34.52,58.82
340031,"General Freire, Curicó Ad.",34&deg 58' 10'' S,229,2020,7,23,1.0,14.3,33.8,57.74
340031,"General Freire, Curicó Ad.",34&deg 58' 10'' S,229,2020,7,24,0.6,15.1,33.08,59.18
340031,"General Freire, Curicó Ad.",34&deg 58' 10'' S,229,2020,7,25,3.3,12.5,37.94,54.5
340031,"General Freire, Curicó Ad.",34&deg 58' 10'' S,229,2020,7,26,6.9,13.3,44.42,55.94
340031,"General Freire, Curicó Ad.",34&deg 58' 10'' S,229,2020,7,27,7.2,13.5,44.96,56.3
340031,"General Freire, Curicó Ad.",34&deg 58' 10'' S,229,2020,7,28,0.3,10.5,32.54,50.9
340031,"General Freire, Curicó Ad.",34&deg 58' 10'' S,229,2020,7,29,-0.7,14.2,30.74,57.56
340031,"General Freire, Curicó Ad.",34&deg 58' 10'' S,229,2020,7,30,2.6,12.3,36.68,54.14
340031,"General Freire, Curicó Ad.",34&deg 58' 10'' S,229,2020,7,31,0.8,13.2,33.44,55.76
360011,"General Bernardo O'Higgins, Chillán Ad.",36&deg 35' 9'' S,155,2020,7,1,8.6,13.3,47.48,55.94
360011,"General Bernardo O'Higgins, Chillán Ad.",36&deg 35' 9'' S,155,2020,7,2,1.9,9.1,35.42,48.379999999999995
360011,"General Bernardo O'Higgins, Chillán Ad.",36&deg 35' 9'' S,155,2020,7,3,7.6,11.4,45.68,52.52
360011,"General Bernardo O'Higgins, Chillán Ad.",36&deg 35' 9'' S,155,2020,7,4,1.2,12.9,34.16,55.22
360011,"General Bernardo O'Higgins, Chillán Ad.",36&deg 35' 9'' S,155,2020,7,5,6.2,12.8,43.16,55.04
360011,"General Bernardo O'Higgins, Chillán Ad.",36&deg 35' 9'' S,155,2020,7,6,1.2,8.3,34.16,46.94
360011,"General Bernardo O'Higgins, Chillán Ad.",36&deg 35' 9'' S,155,2020,7,7,-0.4,11.9,31.28,53.42
360011,"General Bernardo O'Higgins, Chillán Ad.",36&deg 35' 9'' S,155,2020,7,8,0.6,10.8,33.08,51.44
360011,"General Bernardo O'Higgins, Chillán Ad.",36&deg 35' 9'' S,155,2020,7,9,4.9,10.2,40.82,50.36
360011,"General Bernardo O'Higgins, Chillán Ad.",36&deg 35' 9'' S,155,2020,7,10,9.2,14.3,48.56,57.74
360011,"General Bernardo O'Higgins, Chillán Ad.",36&deg 35' 9'' S,155,2020,7,11,-0.3,10.3,31.46,50.54
360011,"General Bernardo O'Higgins, Chillán Ad.",36&deg 35' 9'' S,155,2020,7,12,6.8,11.5,44.239999999999995,52.7
360011,"General Bernardo O'Higgins, Chillán Ad.",36&deg 35' 9'' S,155,2020,7,13,4.6,14.2,40.28,57.56
360011,"General Bernardo O'Higgins, Chillán Ad.",36&deg 35' 9'' S,155,2020,7,14,1.2,15.9,34.16,60.62
360011,"General Bernardo O'Higgins, Chillán Ad.",36&deg 35' 9'' S,155,2020,7,15,0.1,17.3,32.18,63.14
360011,"General Bernardo O'Higgins, Chillán Ad.",36&deg 35' 9'' S,155,2020,7,16,6.3,11.0,43.34,51.8
360011,"General Bernardo O'Higgins, Chillán Ad.",36&deg 35' 9'' S,155,2020,7,17,9.4,12.5,48.92,54.5
360011,"General Bernardo O'Higgins, Chillán Ad.",36&deg 35' 9'' S,155,2020,7,18,11.2,15.0,52.16,59.0
360011,"General Bernardo O'Higgins, Chillán Ad.",36&deg 35' 9'' S,155,2020,7,19,10.5,14.2,50.9,57.56
360011,"General Bernardo O'Higgins, Chillán Ad.",36&deg 35' 9'' S,155,2020,7,20,8.5,13.9,47.3,57.02
360011,"General Bernardo O'Higgins, Chillán Ad.",36&deg 35' 9'' S,155,2020,7,21,7.8,12.6,46.04,54.68
360011,"General Bernardo O'Higgins, Chillán Ad.",36&deg 35' 9'' S,155,2020,7,22,1.1,14.1,33.98,57.379999999999995
360011,"General Bernardo O'Higgins, Chillán Ad.",36&deg 35' 9'' S,155,2020,7,23,1.6,11.9,34.88,53.42
360011,"General Bernardo O'Higgins, Chillán Ad.",36&deg 35' 9'' S,155,2020,7,24,-0.7,11.7,30.74,53.06
360011,"General Bernardo O'Higgins, Chillán Ad.",36&deg 35' 9'' S,155,2020,7,25,1.9,10.3,35.42,50.54
360011,"General Bernardo O'Higgins, Chillán Ad.",36&deg 35' 9'' S,155,2020,7,26,7.9,11.1,46.22,51.98
360011,"General Bernardo O'Higgins, Chillán Ad.",36&deg 35' 9'' S,155,2020,7,27,1.7,12.0,35.06,53.6
360011,"General Bernardo O'Higgins, Chillán Ad.",36&deg 35' 9'' S,155,2020,7,28,-0.8,12.1,30.56,53.78
360011,"General Bernardo O'Higgins, Chillán Ad.",36&deg 35' 9'' S,155,2020,7,29,-1.5,11.5,29.3,52.7
360011,"General Bernardo O'Higgins, Chillán Ad.",36&deg 35' 9'' S,155,2020,7,30,1.5,12.7,34.7,54.86
360011,"General Bernardo O'Higgins, Chillán Ad.",36&deg 35' 9'' S,155,2020,7,31,-0.2,12.1,31.64,53.78
360019,"Carriel Sur, Concepción Ap.",36&deg 46' 50'' S,13,2020,7,1,10.0,12.8,50.0,55.04
360019,"Carriel Sur, Concepción Ap.",36&deg 46' 50'' S,13,2020,7,2,5.7,12.0,42.260000000000005,53.6
360019,"Carriel Sur, Concepción Ap.",36&deg 46' 50'' S,13,2020,7,3,8.9,13.3,48.02,55.94
360019,"Carriel Sur, Concepción Ap.",36&deg 46' 50'' S,13,2020,7,4,5.2,12.8,41.36,55.04
360019,"Carriel Sur, Concepción Ap.",36&deg 46' 50'' S,13,2020,7,5,5.2,12.9,41.36,55.22
360019,"Carriel Sur, Concepción Ap.",36&deg 46' 50'' S,13,2020,7,6,3.0,12.5,37.4,54.5
360019,"Carriel Sur, Concepción Ap.",36&deg 46' 50'' S,13,2020,7,7,1.0,11.6,33.8,52.879999999999995
360019,"Carriel Sur, Concepción Ap.",36&deg 46' 50'' S,13,2020,7,8,3.3,12.3,37.94,54.14
360019,"Carriel Sur, Concepción Ap.",36&deg 46' 50'' S,13,2020,7,9,7.3,12.6,45.14,54.68
360019,"Carriel Sur, Concepción Ap.",36&deg 46' 50'' S,13,2020,7,10,11.3,13.2,52.34,55.76
360019,"Carriel Sur, Concepción Ap.",36&deg 46' 50'' S,13,2020,7,11,4.4,12.5,39.92,54.5
360019,"Carriel Sur, Concepción Ap.",36&deg 46' 50'' S,13,2020,7,12,9.7,12.6,49.46,54.68
360019,"Carriel Sur, Concepción Ap.",36&deg 46' 50'' S,13,2020,7,13,6.4,14.1,43.519999999999996,57.379999999999995
360019,"Carriel Sur, Concepción Ap.",36&deg 46' 50'' S,13,2020,7,14,3.8,14.7,38.839999999999996,58.459999999999994
360019,"Carriel Sur, Concepción Ap.",36&deg 46' 50'' S,13,2020,7,15,6.8,15.6,44.239999999999995,60.08
360019,"Carriel Sur, Concepción Ap.",36&deg 46' 50'' S,13,2020,7,16,9.0,12.6,48.2,54.68
360019,"Carriel Sur, Concepción Ap.",36&deg 46' 50'' S,13,2020,7,17,11.7,15.1,53.06,59.18
360019,"Carriel Sur, Concepción Ap.",36&deg 46' 50'' S,13,2020,7,18,12.8,14.6,55.04,58.28
360019,"Carriel Sur, Concepción Ap.",36&deg 46' 50'' S,13,2020,7,19,11.8,14.6,53.24,58.28
360019,"Carriel Sur, Concepción Ap.",36&deg 46' 50'' S,13,2020,7,20,10.7,14.8,51.26,58.64
360019,"Carriel Sur, Concepción Ap.",36&deg 46' 50'' S,13,2020,7,21,8.9,13.2,48.02,55.76
360019,"Carriel Sur, Concepción Ap.",36&deg 46' 50'' S,13,2020,7,22,6.4,14.4,43.519999999999996,57.92
360019,"Carriel Sur, Concepción Ap.",36&deg 46' 50'' S,13,2020,7,23,5.8,13.8,42.44,56.84
360019,"Carriel Sur, Concepción Ap.",36&deg 46' 50'' S,13,2020,7,24,0.9,11.7,33.62,53.06
360019,"Carriel Sur, Concepción Ap.",36&deg 46' 50'' S,13,2020,7,25,7.4,12.5,45.32,54.5
360019,"Carriel Sur, Concepción Ap.",36&deg 46' 50'' S,13,2020,7,26,10.7,13.9,51.26,57.02
360019,"Carriel Sur, Concepción Ap.",36&deg 46' 50'' S,13,2020,7,27,3.6,12.9,38.48,55.22
360019,"Carriel Sur, Concepción Ap.",36&deg 46' 50'' S,13,2020,7,28,0.7,12.0,33.26,53.6
360019,"Carriel Sur, Concepción Ap.",36&deg 46' 50'' S,13,2020,7,29,2.9,13.2,37.22,55.76
360019,"Carriel Sur, Concepción Ap.",36&deg 46' 50'' S,13,2020,7,30,4.2,12.1,39.56,53.78
360019,"Carriel Sur, Concepción Ap.",36&deg 46' 50'' S,13,2020,7,31,5.8,14.4,42.44,57.92
370033,"María Dolores, Los Angeles Ad.",37&deg 23' 49'' S,118,2020,7,1,7.6,13.5,45.68,56.3
370033,"María Dolores, Los Angeles Ad.",37&deg 23' 49'' S,118,2020,7,2,4.0,11.0,39.2,51.8
370033,"María Dolores, Los Angeles Ad.",37&deg 23' 49'' S,118,2020,7,3,7.5,13.0,45.5,55.4
370033,"María Dolores, Los Angeles Ad.",37&deg 23' 49'' S,118,2020,7,4,-1.0,10.4,30.2,50.72
370033,"María Dolores, Los Angeles Ad.",37&deg 23' 49'' S,118,2020,7,5,6.0,12.0,42.8,53.6
370033,"María Dolores, Los Angeles Ad.",37&deg 23' 49'' S,118,2020,7,6,-4.5,11.0,23.9,51.8
370033,"María Dolores, Los Angeles Ad.",37&deg 23' 49'' S,118,2020,7,7,-3.0,8.0,26.6,46.4
370033,"María Dolores, Los Angeles Ad.",37&deg 23' 49'' S,118,2020,7,8,2.0,11.0,35.6,51.8
370033,"María Dolores, Los Angeles Ad.",37&deg 23' 49'' S,118,2020,7,9,5.0,11.0,41.0,51.8
370033,"María Dolores, Los Angeles Ad.",37&deg 23' 49'' S,118,2020,7,10,10.0,13.0,50.0,55.4
370033,"María Dolores, Los Angeles Ad.",37&deg 23' 49'' S,118,2020,7,11,2.0,9.2,35.6,48.56
370033,"María Dolores, Los Angeles Ad.",37&deg 23' 49'' S,118,2020,7,12,7.0,9.4,44.6,48.92
370033,"María Dolores, Los Angeles Ad.",37&deg 23' 49'' S,118,2020,7,13,-1.0,12.5,30.2,54.5
370033,"María Dolores, Los Angeles Ad.",37&deg 23' 49'' S,118,2020,7,14,-2.0,16.0,28.4,60.8
370033,"María Dolores, Los Angeles Ad.",37&deg 23' 49'' S,118,2020,7,15,0.0,14.6,32.0,58.28
370033,"María Dolores, Los Angeles Ad.",37&deg 23' 49'' S,118,2020,7,16,8.0,11.2,46.4,52.16
370033,"María Dolores, Los Angeles Ad.",37&deg 23' 49'' S,118,2020,7,17,9.0,13.8,48.2,56.84
370033,"María Dolores, Los Angeles Ad.",37&deg 23' 49'' S,118,2020,7,18,11.0,14.5,51.8,58.1
370033,"María Dolores, Los Angeles Ad.",37&deg 23' 49'' S,118,2020,7,19,9.0,14.2,48.2,57.56
370033,"María Dolores, Los Angeles Ad.",37&deg 23' 49'' S,118,2020,7,20,6.2,12.0,43.16,53.6
370033,"María Dolores, Los Angeles Ad.",37&deg 23' 49'' S,118,2020,7,21,7.0,12.0,44.6,53.6
370033,"María Dolores, Los Angeles Ad.",37&deg 23' 49'' S,118,2020,7,22,2.0,14.0,35.6,57.2
370033,"María Dolores, Los Angeles Ad.",37&deg 23' 49'' S,118,2020,7,23,-2.5,12.8,27.5,55.04
370033,"María Dolores, Los Angeles Ad.",37&deg 23' 49'' S,118,2020,7,24,-1.0,10.6,30.2,51.08
370033,"María Dolores, Los Angeles Ad.",37&deg 23' 49'' S,118,2020,7,25,4.0,9.6,39.2,49.28
370033,"María Dolores, Los Angeles Ad.",37&deg 23' 49'' S,118,2020,7,26,8.0,13.0,46.4,55.4
370033,"María Dolores, Los Angeles Ad.",37&deg 23' 49'' S,118,2020,7,27,0.0,10.4,32.0,50.72
370033,"María Dolores, Los Angeles Ad.",37&deg 23' 49'' S,118,2020,7,28,0.8,11.0,33.44,51.8
370033,"María Dolores, Los Angeles Ad.",37&deg 23' 49'' S,118,2020,7,29,-3.0,13.8,26.6,56.84
370033,"María Dolores, Los Angeles Ad.",37&deg 23' 49'' S,118,2020,7,30,5.0,11.2,41.0,52.16
370033,"María Dolores, Los Angeles Ad.",37&deg 23' 49'' S,118,2020,7,31,0.0,12.0,32.0,53.6
380013,"Maquehue, Temuco Ad.",38&deg 46' 4'' S,86,2020,7,1,8.9,14.6,48.02,58.28
380013,"Maquehue, Temuco Ad.",38&deg 46' 4'' S,86,2020,7,2,4.7,12.2,40.46,53.96
380013,"Maquehue, Temuco Ad.",38&deg 46' 4'' S,86,2020,7,3,6.0,13.6,42.8,56.48
380013,"Maquehue, Temuco Ad.",38&deg 46' 4'' S,86,2020,7,4,4.1,13.4,39.38,56.120000000000005
380013,"Maquehue, Temuco Ad.",38&deg 46' 4'' S,86,2020,7,5,5.3,11.6,41.54,52.879999999999995
380013,"Maquehue, Temuco Ad.",38&deg 46' 4'' S,86,2020,7,6,-2.1,9.8,28.22,49.64
380013,"Maquehue, Temuco Ad.",38&deg 46' 4'' S,86,2020,7,7,-0.2,9.5,31.64,49.1
380013,"Maquehue, Temuco Ad.",38&deg 46' 4'' S,86,2020,7,8,2.2,8.1,35.96,46.58
380013,"Maquehue, Temuco Ad.",38&deg 46' 4'' S,86,2020,7,9,5.8,12.0,42.44,53.6
380013,"Maquehue, Temuco Ad.",38&deg 46' 4'' S,86,2020,7,10,5.5,11.4,41.9,52.52
380013,"Maquehue, Temuco Ad.",38&deg 46' 4'' S,86,2020,7,11,6.5,10.0,43.7,50.0
380013,"Maquehue, Temuco Ad.",38&deg 46' 4'' S,86,2020,7,12,7.2,8.8,44.96,47.84
380013,"Maquehue, Temuco Ad.",38&deg 46' 4'' S,86,2020,7,13,0.9,10.2,33.62,50.36
380013,"Maquehue, Temuco Ad.",38&deg 46' 4'' S,86,2020,7,14,-0.9,13.3,30.38,55.94
380013,"Maquehue, Temuco Ad.",38&deg 46' 4'' S,86,2020,7,15,2.8,14.8,37.04,58.64
380013,"Maquehue, Temuco Ad.",38&deg 46' 4'' S,86,2020,7,16,1.8,11.9,35.24,53.42
380013,"Maquehue, Temuco Ad.",38&deg 46' 4'' S,86,2020,7,17,9.5,14.7,49.1,58.459999999999994
380013,"Maquehue, Temuco Ad.",38&deg 46' 4'' S,86,2020,7,18,9.9,13.1,49.82,55.58
380013,"Maquehue, Temuco Ad.",38&deg 46' 4'' S,86,2020,7,19,9.0,16.3,48.2,61.34
380013,"Maquehue, Temuco Ad.",38&deg 46' 4'' S,86,2020,7,20,6.9,11.2,44.42,52.16
380013,"Maquehue, Temuco Ad.",38&deg 46' 4'' S,86,2020,7,21,7.1,13.4,44.78,56.120000000000005
380013,"Maquehue, Temuco Ad.",38&deg 46' 4'' S,86,2020,7,22,2.0,11.9,35.6,53.42
380013,"Maquehue, Temuco Ad.",38&deg 46' 4'' S,86,2020,7,23,2.2,13.2,35.96,55.76
380013,"Maquehue, Temuco Ad.",38&deg 46' 4'' S,86,2020,7,24,-0.1,13.1,31.82,55.58
380013,"Maquehue, Temuco Ad.",38&deg 46' 4'' S,86,2020,7,25,7.3,10.1,45.14,50.18
380013,"Maquehue, Temuco Ad.",38&deg 46' 4'' S,86,2020,7,26,7.3,13.0,45.14,55.4
380013,"Maquehue, Temuco Ad.",38&deg 46' 4'' S,86,2020,7,27,-0.6,10.9,30.92,51.620000000000005
380013,"Maquehue, Temuco Ad.",38&deg 46' 4'' S,86,2020,7,28,-2.0,9.9,28.4,49.82
380013,"Maquehue, Temuco Ad.",38&deg 46' 4'' S,86,2020,7,29,-1.6,9.9,29.12,49.82
380013,"Maquehue, Temuco Ad.",38&deg 46' 4'' S,86,2020,7,30,1.4,12.2,34.52,53.96
380013,"Maquehue, Temuco Ad.",38&deg 46' 4'' S,86,2020,7,31,4.6,12.6,40.28,54.68
390006,"Pichoy, Valdivia Ad.",39&deg 39' 24'' S,18,2020,7,1,8.7,13.5,47.66,56.3
390006,"Pichoy, Valdivia Ad.",39&deg 39' 24'' S,18,2020,7,2,4.5,11.2,40.1,52.16
390006,"Pichoy, Valdivia Ad.",39&deg 39' 24'' S,18,2020,7,3,6.9,11.0,44.42,51.8
390006,"Pichoy, Valdivia Ad.",39&deg 39' 24'' S,18,2020,7,4,4.6,8.1,40.28,46.58
390006,"Pichoy, Valdivia Ad.",39&deg 39' 24'' S,18,2020,7,5,3.1,8.2,37.58,46.76
390006,"Pichoy, Valdivia Ad.",39&deg 39' 24'' S,18,2020,7,6,2.2,5.3,35.96,41.54
390006,"Pichoy, Valdivia Ad.",39&deg 39' 24'' S,18,2020,7,7,1.7,7.9,35.06,46.22
390006,"Pichoy, Valdivia Ad.",39&deg 39' 24'' S,18,2020,7,8,2.0,9.4,35.6,48.92
390006,"Pichoy, Valdivia Ad.",39&deg 39' 24'' S,18,2020,7,9,6.4,13.4,43.519999999999996,56.120000000000005
390006,"Pichoy, Valdivia Ad.",39&deg 39' 24'' S,18,2020,7,10,2.7,11.2,36.86,52.16
390006,"Pichoy, Valdivia Ad.",39&deg 39' 24'' S,18,2020,7,11,8.0,9.3,46.4,48.74
390006,"Pichoy, Valdivia Ad.",39&deg 39' 24'' S,18,2020,7,12,5.7,10.2,42.260000000000005,50.36
390006,"Pichoy, Valdivia Ad.",39&deg 39' 24'' S,18,2020,7,13,-0.8,5.3,30.56,41.54
390006,"Pichoy, Valdivia Ad.",39&deg 39' 24'' S,18,2020,7,14,-0.3,7.5,31.46,45.5
390006,"Pichoy, Valdivia Ad.",39&deg 39' 24'' S,18,2020,7,15,6.5,11.5,43.7,52.7
390006,"Pichoy, Valdivia Ad.",39&deg 39' 24'' S,18,2020,7,16,6.4,12.4,43.519999999999996,54.32
390006,"Pichoy, Valdivia Ad.",39&deg 39' 24'' S,18,2020,7,17,9.6,13.8,49.28,56.84
390006,"Pichoy, Valdivia Ad.",39&deg 39' 24'' S,18,2020,7,18,9.9,13.2,49.82,55.76
390006,"Pichoy, Valdivia Ad.",39&deg 39' 24'' S,18,2020,7,19,9.3,14.1,48.74,57.379999999999995
390006,"Pichoy, Valdivia Ad.",39&deg 39' 24'' S,18,2020,7,20,2.3,11.1,36.14,51.98
390006,"Pichoy, Valdivia Ad.",39&deg 39' 24'' S,18,2020,7,21,5.2,10.5,41.36,50.9
390006,"Pichoy, Valdivia Ad.",39&deg 39' 24'' S,18,2020,7,22,3.5,11.2,38.3,52.16
390006,"Pichoy, Valdivia Ad.",39&deg 39' 24'' S,18,2020,7,23,-1.3,12.1,29.66,53.78
390006,"Pichoy, Valdivia Ad.",39&deg 39' 24'' S,18,2020,7,24,-1.2,9.3,29.84,48.74
390006,"Pichoy, Valdivia Ad.",39&deg 39' 24'' S,18,2020,7,25,7.9,11.7,46.22,53.06
390006,"Pichoy, Valdivia Ad.",39&deg 39' 24'' S,18,2020,7,26,9.1,12.7,48.379999999999995,54.86
390006,"Pichoy, Valdivia Ad.",39&deg 39' 24'' S,18,2020,7,27,-0.4,11.2,31.28,52.16
390006,"Pichoy, Valdivia Ad.",39&deg 39' 24'' S,18,2020,7,28,0.5,10.5,32.9,50.9
390006,"Pichoy, Valdivia Ad.",39&deg 39' 24'' S,18,2020,7,29,-1.1,5.4,30.02,41.72
390006,"Pichoy, Valdivia Ad.",39&deg 39' 24'' S,18,2020,7,30,1.5,11.5,34.7,52.7
390006,"Pichoy, Valdivia Ad.",39&deg 39' 24'' S,18,2020,7,31,5.2,12.7,41.36,54.86
400009,"Cañal Bajo,  Osorno Ad.",40&deg 36' 52'' S,61,2020,7,1,8.5,12.9,47.3,55.22
400009,"Cañal Bajo,  Osorno Ad.",40&deg 36' 52'' S,61,2020,7,2,6.5,10.5,43.7,50.9
400009,"Cañal Bajo,  Osorno Ad.",40&deg 36' 52'' S,61,2020,7,3,7.1,9.4,44.78,48.92
400009,"Cañal Bajo,  Osorno Ad.",40&deg 36' 52'' S,61,2020,7,4,4.7,7.6,40.46,45.68
400009,"Cañal Bajo,  Osorno Ad.",40&deg 36' 52'' S,61,2020,7,5,0.6,9.6,33.08,49.28
400009,"Cañal Bajo,  Osorno Ad.",40&deg 36' 52'' S,61,2020,7,6,-0.9,4.3,30.38,39.74
400009,"Cañal Bajo,  Osorno Ad.",40&deg 36' 52'' S,61,2020,7,7,-0.8,7.5,30.56,45.5
400009,"Cañal Bajo,  Osorno Ad.",40&deg 36' 52'' S,61,2020,7,8,1.5,8.7,34.7,47.66
400009,"Cañal Bajo,  Osorno Ad.",40&deg 36' 52'' S,61,2020,7,9,5.8,12.6,42.44,54.68
400009,"Cañal Bajo,  Osorno Ad.",40&deg 36' 52'' S,61,2020,7,10,1.6,9.7,34.88,49.46
400009,"Cañal Bajo,  Osorno Ad.",40&deg 36' 52'' S,61,2020,7,11,6.2,9.0,43.16,48.2
400009,"Cañal Bajo,  Osorno Ad.",40&deg 36' 52'' S,61,2020,7,12,2.5,9.1,36.5,48.379999999999995
400009,"Cañal Bajo,  Osorno Ad.",40&deg 36' 52'' S,61,2020,7,13,-2.9,3.0,26.78,37.4
400009,"Cañal Bajo,  Osorno Ad.",40&deg 36' 52'' S,61,2020,7,14,-0.1,7.6,31.82,45.68
400009,"Cañal Bajo,  Osorno Ad.",40&deg 36' 52'' S,61,2020,7,15,1.2,11.2,34.16,52.16
400009,"Cañal Bajo,  Osorno Ad.",40&deg 36' 52'' S,61,2020,7,16,6.2,12.5,43.16,54.5
400009,"Cañal Bajo,  Osorno Ad.",40&deg 36' 52'' S,61,2020,7,17,9.3,11.6,48.74,52.879999999999995
400009,"Cañal Bajo,  Osorno Ad.",40&deg 36' 52'' S,61,2020,7,18,8.3,12.7,46.94,54.86
400009,"Cañal Bajo,  Osorno Ad.",40&deg 36' 52'' S,61,2020,7,19,8.8,11.5,47.84,52.7
400009,"Cañal Bajo,  Osorno Ad.",40&deg 36' 52'' S,61,2020,7,20,3.4,10.8,38.12,51.44
400009,"Cañal Bajo,  Osorno Ad.",40&deg 36' 52'' S,61,2020,7,21,5.9,11.3,42.620000000000005,52.34
400009,"Cañal Bajo,  Osorno Ad.",40&deg 36' 52'' S,61,2020,7,22,3.7,13.0,38.660000000000004,55.4
400009,"Cañal Bajo,  Osorno Ad.",40&deg 36' 52'' S,61,2020,7,23,-0.8,10.1,30.56,50.18
400009,"Cañal Bajo,  Osorno Ad.",40&deg 36' 52'' S,61,2020,7,24,-2.4,9.8,27.68,49.64
400009,"Cañal Bajo,  Osorno Ad.",40&deg 36' 52'' S,61,2020,7,25,7.4,9.5,45.32,49.1
400009,"Cañal Bajo,  Osorno Ad.",40&deg 36' 52'' S,61,2020,7,26,5.7,11.1,42.260000000000005,51.98
400009,"Cañal Bajo,  Osorno Ad.",40&deg 36' 52'' S,61,2020,7,27,0.1,10.2,32.18,50.36
400009,"Cañal Bajo,  Osorno Ad.",40&deg 36' 52'' S,61,2020,7,28,1.4,9.9,34.52,49.82
400009,"Cañal Bajo,  Osorno Ad.",40&deg 36' 52'' S,61,2020,7,29,-1.4,4.9,29.48,40.82
400009,"Cañal Bajo,  Osorno Ad.",40&deg 36' 52'' S,61,2020,7,30,2.6,9.5,36.68,49.1
400009,"Cañal Bajo,  Osorno Ad.",40&deg 36' 52'' S,61,2020,7,31,7.5,13.9,45.5,57.02
410005,El Tepual  Puerto Montt Ap.,41&deg 26' 51'' S,87,2020,7,1,8.5,12.4,47.3,54.32
410005,El Tepual  Puerto Montt Ap.,41&deg 26' 51'' S,87,2020,7,2,6.3,9.4,43.34,48.92
410005,El Tepual  Puerto Montt Ap.,41&deg 26' 51'' S,87,2020,7,3,6.5,7.9,43.7,46.22
410005,El Tepual  Puerto Montt Ap.,41&deg 26' 51'' S,87,2020,7,4,5.2,7.9,41.36,46.22
410005,El Tepual  Puerto Montt Ap.,41&deg 26' 51'' S,87,2020,7,5,2.7,7.9,36.86,46.22
410005,El Tepual  Puerto Montt Ap.,41&deg 26' 51'' S,87,2020,7,6,-1.0,10.1,30.2,50.18
410005,El Tepual  Puerto Montt Ap.,41&deg 26' 51'' S,87,2020,7,7,-0.4,8.1,31.28,46.58
410005,El Tepual  Puerto Montt Ap.,41&deg 26' 51'' S,87,2020,7,8,2.6,8.0,36.68,46.4
410005,El Tepual  Puerto Montt Ap.,41&deg 26' 51'' S,87,2020,7,9,5.2,11.4,41.36,52.52
410005,El Tepual  Puerto Montt Ap.,41&deg 26' 51'' S,87,2020,7,10,-0.7,7.5,30.74,45.5
410005,El Tepual  Puerto Montt Ap.,41&deg 26' 51'' S,87,2020,7,11,4.1,9.4,39.38,48.92
410005,El Tepual  Puerto Montt Ap.,41&deg 26' 51'' S,87,2020,7,12,1.8,8.9,35.24,48.02
410005,El Tepual  Puerto Montt Ap.,41&deg 26' 51'' S,87,2020,7,13,-3.1,7.7,26.42,45.86
410005,El Tepual  Puerto Montt Ap.,41&deg 26' 51'' S,87,2020,7,14,-0.1,7.1,31.82,44.78
410005,El Tepual  Puerto Montt Ap.,41&deg 26' 51'' S,87,2020,7,15,6.2,10.4,43.16,50.72
410005,El Tepual  Puerto Montt Ap.,41&deg 26' 51'' S,87,2020,7,16,7.9,11.9,46.22,53.42
410005,El Tepual  Puerto Montt Ap.,41&deg 26' 51'' S,87,2020,7,17,7.4,10.3,45.32,50.54
410005,El Tepual  Puerto Montt Ap.,41&deg 26' 51'' S,87,2020,7,18,8.7,11.5,47.66,52.7
410005,El Tepual  Puerto Montt Ap.,41&deg 26' 51'' S,87,2020,7,19,8.8,11.8,47.84,53.24
410005,El Tepual  Puerto Montt Ap.,41&deg 26' 51'' S,87,2020,7,20,5.3,12.0,41.54,53.6
410005,El Tepual  Puerto Montt Ap.,41&deg 26' 51'' S,87,2020,7,21,6.2,11.5,43.16,52.7
410005,El Tepual  Puerto Montt Ap.,41&deg 26' 51'' S,87,2020,7,22,3.8,12.8,38.839999999999996,55.04
410005,El Tepual  Puerto Montt Ap.,41&deg 26' 51'' S,87,2020,7,23,-2.2,9.1,28.04,48.379999999999995
410005,El Tepual  Puerto Montt Ap.,41&deg 26' 51'' S,87,2020,7,24,0.0,7.9,32.0,46.22
410005,El Tepual  Puerto Montt Ap.,41&deg 26' 51'' S,87,2020,7,25,7.0,11.0,44.6,51.8
410005,El Tepual  Puerto Montt Ap.,41&deg 26' 51'' S,87,2020,7,26,3.9,10.0,39.02,50.0
410005,El Tepual  Puerto Montt Ap.,41&deg 26' 51'' S,87,2020,7,27,-0.2,9.1,31.64,48.379999999999995
410005,El Tepual  Puerto Montt Ap.,41&deg 26' 51'' S,87,2020,7,28,0.0,9.8,32.0,49.64
410005,El Tepual  Puerto Montt Ap.,41&deg 26' 51'' S,87,2020,7,29,-0.9,9.1,30.38,48.379999999999995
410005,El Tepual  Puerto Montt Ap.,41&deg 26' 51'' S,87,2020,7,30,2.4,9.6,36.32,49.28
410005,El Tepual  Puerto Montt Ap.,41&deg 26' 51'' S,87,2020,7,31,7.5,12.4,45.5,54.32
430002,Futaleufú Ad.,43&deg 11' 20'' S,347,2020,7,1,1.3,5.3,34.34,41.54
430002,Futaleufú Ad.,43&deg 11' 20'' S,347,2020,7,2,3.0,7.8,37.4,46.04
430002,Futaleufú Ad.,43&deg 11' 20'' S,347,2020,7,3,1.4,4.6,34.52,40.28
430002,Futaleufú Ad.,43&deg 11' 20'' S,347,2020,7,4,1.9,3.7,35.42,38.660000000000004
430002,Futaleufú Ad.,43&deg 11' 20'' S,347,2020,7,5,1.5,4.7,34.7,40.46
430002,Futaleufú Ad.,43&deg 11' 20'' S,347,2020,7,6,-1.2,3.9,29.84,39.02
430002,Futaleufú Ad.,43&deg 11' 20'' S,347,2020,7,7,-2.8,1.5,26.96,34.7
430002,Futaleufú Ad.,43&deg 11' 20'' S,347,2020,7,8,0.1,2.5,32.18,36.5
430002,Futaleufú Ad.,43&deg 11' 20'' S,347,2020,7,9,0.0,1.6,32.0,34.88
430002,Futaleufú Ad.,43&deg 11' 20'' S,347,2020,7,10,-0.6,3.3,30.92,37.94
430002,Futaleufú Ad.,43&deg 11' 20'' S,347,2020,7,11,0.2,4.3,32.36,39.74
430002,Futaleufú Ad.,43&deg 11' 20'' S,347,2020,7,12,0.0,5.1,32.0,41.18
430002,Futaleufú Ad.,43&deg 11' 20'' S,347,2020,7,13,-2.1,5.2,28.22,41.36
430002,Futaleufú Ad.,43&deg 11' 20'' S,347,2020,7,14,-1.5,3.9,29.3,39.02
430002,Futaleufú Ad.,43&deg 11' 20'' S,347,2020,7,15,-0.6,3.9,30.92,39.02
430002,Futaleufú Ad.,43&deg 11' 20'' S,347,2020,7,16,0.1,4.3,32.18,39.74
430002,Futaleufú Ad.,43&deg 11' 20'' S,347,2020,7,17,1.4,5.6,34.52,42.08
430002,Futaleufú Ad.,43&deg 11' 20'' S,347,2020,7,18,1.7,3.7,35.06,38.660000000000004
430002,Futaleufú Ad.,43&deg 11' 20'' S,347,2020,7,19,1.6,5.3,34.88,41.54
430002,Futaleufú Ad.,43&deg 11' 20'' S,347,2020,7,20,2.1,8.1,35.78,46.58
430002,Futaleufú Ad.,43&deg 11' 20'' S,347,2020,7,21,4.0,6.6,39.2,43.879999999999995
430002,Futaleufú Ad.,43&deg 11' 20'' S,347,2020,7,22,4.2,5.7,39.56,42.260000000000005
430002,Futaleufú Ad.,43&deg 11' 20'' S,347,2020,7,23,-2.9,3.4,26.78,38.12
430002,Futaleufú Ad.,43&deg 11' 20'' S,347,2020,7,24,-4.0,8.1,24.8,46.58
430002,Futaleufú Ad.,43&deg 11' 20'' S,347,2020,7,25,2.4,10.5,36.32,50.9
430002,Futaleufú Ad.,43&deg 11' 20'' S,347,2020,7,26,2.8,6.5,37.04,43.7
430002,Futaleufú Ad.,43&deg 11' 20'' S,347,2020,7,27,2.8,9.4,37.04,48.92
430002,Futaleufú Ad.,43&deg 11' 20'' S,347,2020,7,28,-0.9,9.6,30.38,49.28
430002,Futaleufú Ad.,43&deg 11' 20'' S,347,2020,7,29,-3.9,6.8,24.98,44.239999999999995
430002,Futaleufú Ad.,43&deg 11' 20'' S,347,2020,7,30,-2.3,5.8,27.86,42.44
430002,Futaleufú Ad.,43&deg 11' 20'' S,347,2020,7,31,1.0,8.6,33.8,47.48
430004,Alto Palena Ad.,43&deg 36' 42'' S,256,2020,7,1,2.2,6.3,35.96,43.34
430004,Alto Palena Ad.,43&deg 36' 42'' S,256,2020,7,2,2.8,9.0,37.04,48.2
430004,Alto Palena Ad.,43&deg 36' 42'' S,256,2020,7,3,2.2,6.2,35.96,43.16
430004,Alto Palena Ad.,43&deg 36' 42'' S,256,2020,7,4,0.6,5.7,33.08,42.260000000000005
430004,Alto Palena Ad.,43&deg 36' 42'' S,256,2020,7,5,0.8,6.8,33.44,44.239999999999995
430004,Alto Palena Ad.,43&deg 36' 42'' S,256,2020,7,6,-1.4,3.5,29.48,38.3
430004,Alto Palena Ad.,43&deg 36' 42'' S,256,2020,7,7,-2.5,1.0,27.5,33.8
430004,Alto Palena Ad.,43&deg 36' 42'' S,256,2020,7,8,-0.1,3.3,31.82,37.94
430004,Alto Palena Ad.,43&deg 36' 42'' S,256,2020,7,9,-0.1,2.3,31.82,36.14
430004,Alto Palena Ad.,43&deg 36' 42'' S,256,2020,7,10,-1.1,2.5,30.02,36.5
430004,Alto Palena Ad.,43&deg 36' 42'' S,256,2020,7,11,,,,
430004,Alto Palena Ad.,43&deg 36' 42'' S,256,2020,7,12,0.1,5.5,32.18,41.9
430004,Alto Palena Ad.,43&deg 36' 42'' S,256,2020,7,13,-1.0,6.8,30.2,44.239999999999995
430004,Alto Palena Ad.,43&deg 36' 42'' S,256,2020,7,14,-0.6,4.9,30.92,40.82
430004,Alto Palena Ad.,43&deg 36' 42'' S,256,2020,7,15,-1.3,,29.66,
430004,Alto Palena Ad.,43&deg 36' 42'' S,256,2020,7,17,1.1,6.6,33.98,43.879999999999995
430004,Alto Palena Ad.,43&deg 36' 42'' S,256,2020,7,18,1.9,6.5,35.42,43.7
430004,Alto Palena Ad.,43&deg 36' 42'' S,256,2020,7,19,1.9,7.0,35.42,44.6
430004,Alto Palena Ad.,43&deg 36' 42'' S,256,2020,7,20,3.1,6.5,37.58,43.7
430004,Alto Palena Ad.,43&deg 36' 42'' S,256,2020,7,21,4.3,6.5,39.74,43.7
430004,Alto Palena Ad.,43&deg 36' 42'' S,256,2020,7,22,3.3,5.3,37.94,41.54
430004,Alto Palena Ad.,43&deg 36' 42'' S,256,2020,7,23,-1.9,4.7,28.580000000000002,40.46
430004,Alto Palena Ad.,43&deg 36' 42'' S,256,2020,7,24,-5.3,7.5,22.46,45.5
430004,Alto Palena Ad.,43&deg 36' 42'' S,256,2020,7,25,2.7,8.1,36.86,46.58
430004,Alto Palena Ad.,43&deg 36' 42'' S,256,2020,7,26,3.4,6.6,38.12,43.879999999999995
430004,Alto Palena Ad.,43&deg 36' 42'' S,256,2020,7,27,2.2,8.8,35.96,47.84
430004,Alto Palena Ad.,43&deg 36' 42'' S,256,2020,7,28,0.6,9.4,33.08,48.92
430004,Alto Palena Ad.,43&deg 36' 42'' S,256,2020,7,29,-2.0,9.0,28.4,48.2
430004,Alto Palena Ad.,43&deg 36' 42'' S,256,2020,7,30,-1.8,8.1,28.76,46.58
430004,Alto Palena Ad.,43&deg 36' 42'' S,256,2020,7,31,2.1,8.1,35.78,46.58
430004,Alto Palena Ad.,43&deg 36' 42'' S,256,2020,7,16,,5.0,,41.0
450001,Puerto Aysén Ad.,45&deg 23' 58'' S,11,2020,7,1,4.5,6.5,40.1,43.7
450001,Puerto Aysén Ad.,45&deg 23' 58'' S,11,2020,7,2,,,,
450001,Puerto Aysén Ad.,45&deg 23' 58'' S,11,2020,7,3,,,,
450001,Puerto Aysén Ad.,45&deg 23' 58'' S,11,2020,7,4,,,,
450001,Puerto Aysén Ad.,45&deg 23' 58'' S,11,2020,7,6,,6.3,,43.34
450001,Puerto Aysén Ad.,45&deg 23' 58'' S,11,2020,7,7,-1.6,3.0,29.12,37.4
450001,Puerto Aysén Ad.,45&deg 23' 58'' S,11,2020,7,8,0.1,6.3,32.18,43.34
450001,Puerto Aysén Ad.,45&deg 23' 58'' S,11,2020,7,9,1.7,5.8,35.06,42.44
450001,Puerto Aysén Ad.,45&deg 23' 58'' S,11,2020,7,10,-0.2,5.2,31.64,41.36
450001,Puerto Aysén Ad.,45&deg 23' 58'' S,11,2020,7,11,0.4,,32.72,
450001,Puerto Aysén Ad.,45&deg 23' 58'' S,11,2020,7,12,,6.3,,43.34
450001,Puerto Aysén Ad.,45&deg 23' 58'' S,11,2020,7,13,1.6,6.3,34.88,43.34
450001,Puerto Aysén Ad.,45&deg 23' 58'' S,11,2020,7,14,-1.2,7.6,29.84,45.68
450001,Puerto Aysén Ad.,45&deg 23' 58'' S,11,2020,7,15,,5.9,,42.620000000000005
450001,Puerto Aysén Ad.,45&deg 23' 58'' S,11,2020,7,16,3.9,,39.02,
450001,Puerto Aysén Ad.,45&deg 23' 58'' S,11,2020,7,17,,4.9,,40.82
450001,Puerto Aysén Ad.,45&deg 23' 58'' S,11,2020,7,18,1.1,,33.98,
450001,Puerto Aysén Ad.,45&deg 23' 58'' S,11,2020,7,20,,8.4,,47.120000000000005
450001,Puerto Aysén Ad.,45&deg 23' 58'' S,11,2020,7,21,4.5,6.8,40.1,44.239999999999995
450001,Puerto Aysén Ad.,45&deg 23' 58'' S,11,2020,7,22,3.4,7.5,38.12,45.5
450001,Puerto Aysén Ad.,45&deg 23' 58'' S,11,2020,7,23,-1.8,4.9,28.76,40.82
450001,Puerto Aysén Ad.,45&deg 23' 58'' S,11,2020,7,24,-4.1,6.2,24.62,43.16
450001,Puerto Aysén Ad.,45&deg 23' 58'' S,11,2020,7,25,3.9,12.4,39.02,54.32
450001,Puerto Aysén Ad.,45&deg 23' 58'' S,11,2020,7,26,2.6,6.2,36.68,43.16
450001,Puerto Aysén Ad.,45&deg 23' 58'' S,11,2020,7,27,2.2,8.5,35.96,47.3
450001,Puerto Aysén Ad.,45&deg 23' 58'' S,11,2020,7,28,2.4,8.9,36.32,48.02
450001,Puerto Aysén Ad.,45&deg 23' 58'' S,11,2020,7,29,-1.9,8.8,28.580000000000002,47.84
450001,Puerto Aysén Ad.,45&deg 23' 58'' S,11,2020,7,30,0.9,7.2,33.62,44.96
450001,Puerto Aysén Ad.,45&deg 23' 58'' S,11,2020,7,31,,6.4,,43.519999999999996
450004,"Teniente Vidal, Coyhaique Ad.",45&deg 35' 27'' S,299,2020,7,1,0.2,2.8,32.36,37.04
450004,"Teniente Vidal, Coyhaique Ad.",45&deg 35' 27'' S,299,2020,7,2,0.1,9.4,32.18,48.92
450004,"Teniente Vidal, Coyhaique Ad.",45&deg 35' 27'' S,299,2020,7,3,-1.0,8.0,30.2,46.4
450004,"Teniente Vidal, Coyhaique Ad.",45&deg 35' 27'' S,299,2020,7,4,-3.1,4.2,26.42,39.56
450004,"Teniente Vidal, Coyhaique Ad.",45&deg 35' 27'' S,299,2020,7,5,-0.3,3.5,31.46,38.3
450004,"Teniente Vidal, Coyhaique Ad.",45&deg 35' 27'' S,299,2020,7,6,-1.2,2.4,29.84,36.32
450004,"Teniente Vidal, Coyhaique Ad.",45&deg 35' 27'' S,299,2020,7,7,-6.0,-1.4,21.2,29.48
450004,"Teniente Vidal, Coyhaique Ad.",45&deg 35' 27'' S,299,2020,7,8,-2.2,6.1,28.04,42.980000000000004
450004,"Teniente Vidal, Coyhaique Ad.",45&deg 35' 27'' S,299,2020,7,9,0.4,4.2,32.72,39.56
450004,"Teniente Vidal, Coyhaique Ad.",45&deg 35' 27'' S,299,2020,7,10,-3.0,5.8,26.6,42.44
450004,"Teniente Vidal, Coyhaique Ad.",45&deg 35' 27'' S,299,2020,7,11,-0.6,4.3,30.92,39.74
450004,"Teniente Vidal, Coyhaique Ad.",45&deg 35' 27'' S,299,2020,7,12,-2.4,5.9,27.68,42.620000000000005
450004,"Teniente Vidal, Coyhaique Ad.",45&deg 35' 27'' S,299,2020,7,13,-2.2,6.4,28.04,43.519999999999996
450004,"Teniente Vidal, Coyhaique Ad.",45&deg 35' 27'' S,299,2020,7,14,-2.7,2.6,27.14,36.68
450004,"Teniente Vidal, Coyhaique Ad.",45&deg 35' 27'' S,299,2020,7,15,-1.5,3.0,29.3,37.4
450004,"Teniente Vidal, Coyhaique Ad.",45&deg 35' 27'' S,299,2020,7,16,-0.2,0.2,31.64,32.36
450004,"Teniente Vidal, Coyhaique Ad.",45&deg 35' 27'' S,299,2020,7,17,-0.1,1.2,31.82,34.16
450004,"Teniente Vidal, Coyhaique Ad.",45&deg 35' 27'' S,299,2020,7,18,-0.2,1.2,31.64,34.16
450004,"Teniente Vidal, Coyhaique Ad.",45&deg 35' 27'' S,299,2020,7,19,0.1,1.6,32.18,34.88
450004,"Teniente Vidal, Coyhaique Ad.",45&deg 35' 27'' S,299,2020,7,20,0.5,3.0,32.9,37.4
450004,"Teniente Vidal, Coyhaique Ad.",45&deg 35' 27'' S,299,2020,7,21,0.3,3.3,32.54,37.94
450004,"Teniente Vidal, Coyhaique Ad.",45&deg 35' 27'' S,299,2020,7,22,0.1,1.7,32.18,35.06
450004,"Teniente Vidal, Coyhaique Ad.",45&deg 35' 27'' S,299,2020,7,23,-6.0,-3.2,21.2,26.240000000000002
450004,"Teniente Vidal, Coyhaique Ad.",45&deg 35' 27'' S,299,2020,7,24,-9.8,6.3,14.36,43.34
450004,"Teniente Vidal, Coyhaique Ad.",45&deg 35' 27'' S,299,2020,7,25,2.0,7.4,35.6,45.32
450004,"Teniente Vidal, Coyhaique Ad.",45&deg 35' 27'' S,299,2020,7,26,-0.9,3.7,30.38,38.660000000000004
450004,"Teniente Vidal, Coyhaique Ad.",45&deg 35' 27'' S,299,2020,7,27,-2.3,7.5,27.86,45.5
450004,"Teniente Vidal, Coyhaique Ad.",45&deg 35' 27'' S,299,2020,7,28,-0.8,8.2,30.56,46.76
450004,"Teniente Vidal, Coyhaique Ad.",45&deg 35' 27'' S,299,2020,7,29,-4.1,6.6,24.62,43.879999999999995
450004,"Teniente Vidal, Coyhaique Ad.",45&deg 35' 27'' S,299,2020,7,30,-1.7,3.5,28.94,38.3
450004,"Teniente Vidal, Coyhaique Ad.",45&deg 35' 27'' S,299,2020,7,31,-2.1,2.9,28.22,37.22
450005,Balmaceda Ad.,45&deg 55' 6'' S,517,2020,7,1,0.4,2.3,32.72,36.14
450005,Balmaceda Ad.,45&deg 55' 6'' S,517,2020,7,2,0.0,6.9,32.0,44.42
450005,Balmaceda Ad.,45&deg 55' 6'' S,517,2020,7,3,-1.9,5.4,28.580000000000002,41.72
450005,Balmaceda Ad.,45&deg 55' 6'' S,517,2020,7,4,-5.0,2.7,23.0,36.86
450005,Balmaceda Ad.,45&deg 55' 6'' S,517,2020,7,5,-0.9,1.4,30.38,34.52
450005,Balmaceda Ad.,45&deg 55' 6'' S,517,2020,7,6,-6.3,0.6,20.66,33.08
450005,Balmaceda Ad.,45&deg 55' 6'' S,517,2020,7,7,-7.1,-1.5,19.22,29.3
450005,Balmaceda Ad.,45&deg 55' 6'' S,517,2020,7,8,-3.2,3.5,26.240000000000002,38.3
450005,Balmaceda Ad.,45&deg 55' 6'' S,517,2020,7,9,-1.7,2.6,28.94,36.68
450005,Balmaceda Ad.,45&deg 55' 6'' S,517,2020,7,10,-4.9,3.0,23.18,37.4
450005,Balmaceda Ad.,45&deg 55' 6'' S,517,2020,7,11,-2.8,1.7,26.96,35.06
450005,Balmaceda Ad.,45&deg 55' 6'' S,517,2020,7,12,-5.7,2.4,21.74,36.32
450005,Balmaceda Ad.,45&deg 55' 6'' S,517,2020,7,13,-1.6,3.7,29.12,38.660000000000004
450005,Balmaceda Ad.,45&deg 55' 6'' S,517,2020,7,14,-7.2,-0.1,19.04,31.82
450005,Balmaceda Ad.,45&deg 55' 6'' S,517,2020,7,15,-3.8,2.3,25.16,36.14
450005,Balmaceda Ad.,45&deg 55' 6'' S,517,2020,7,16,-1.7,-0.5,28.94,31.1
450005,Balmaceda Ad.,45&deg 55' 6'' S,517,2020,7,17,-0.6,2.2,30.92,35.96
450005,Balmaceda Ad.,45&deg 55' 6'' S,517,2020,7,18,0.1,0.7,32.18,33.26
450005,Balmaceda Ad.,45&deg 55' 6'' S,517,2020,7,19,-0.2,0.7,31.64,33.26
450005,Balmaceda Ad.,45&deg 55' 6'' S,517,2020,7,20,0.2,0.7,32.36,33.26
450005,Balmaceda Ad.,45&deg 55' 6'' S,517,2020,7,21,-0.3,0.4,31.46,32.72
450005,Balmaceda Ad.,45&deg 55' 6'' S,517,2020,7,22,-2.5,1.1,27.5,33.98
450005,Balmaceda Ad.,45&deg 55' 6'' S,517,2020,7,23,-10.9,-8.3,12.379999999999999,17.06
450005,Balmaceda Ad.,45&deg 55' 6'' S,517,2020,7,24,-10.6,3.6,12.920000000000002,38.48
450005,Balmaceda Ad.,45&deg 55' 6'' S,517,2020,7,25,1.3,4.9,34.34,40.82
450005,Balmaceda Ad.,45&deg 55' 6'' S,517,2020,7,26,-4.4,0.7,24.08,33.26
450005,Balmaceda Ad.,45&deg 55' 6'' S,517,2020,7,27,-2.9,3.7,26.78,38.660000000000004
450005,Balmaceda Ad.,45&deg 55' 6'' S,517,2020,7,28,0.7,4.3,33.26,39.74
450005,Balmaceda Ad.,45&deg 55' 6'' S,517,2020,7,29,-10.8,2.2,12.559999999999999,35.96
450005,Balmaceda Ad.,45&deg 55' 6'' S,517,2020,7,30,-6.7,1.7,19.939999999999998,35.06
450005,Balmaceda Ad.,45&deg 55' 6'' S,517,2020,7,31,-7.3,1.6,18.86,34.88
460001,Chile Chico Ad.,46&deg 35' 6'' S,311,2020,7,1,1.1,2.8,33.98,37.04
460001,Chile Chico Ad.,46&deg 35' 6'' S,311,2020,7,2,0.4,5.6,32.72,42.08
460001,Chile Chico Ad.,46&deg 35' 6'' S,311,2020,7,3,-0.6,7.5,30.92,45.5
460001,Chile Chico Ad.,46&deg 35' 6'' S,311,2020,7,4,-1.0,2.4,30.2,36.32
460001,Chile Chico Ad.,46&deg 35' 6'' S,311,2020,7,5,-2.6,4.0,27.32,39.2
460001,Chile Chico Ad.,46&deg 35' 6'' S,311,2020,7,6,-3.8,2.5,25.16,36.5
460001,Chile Chico Ad.,46&deg 35' 6'' S,311,2020,7,7,-4.9,1.1,23.18,33.98
460001,Chile Chico Ad.,46&deg 35' 6'' S,311,2020,7,8,-3.8,7.8,25.16,46.04
460001,Chile Chico Ad.,46&deg 35' 6'' S,311,2020,7,9,-2.8,5.4,26.96,41.72
460001,Chile Chico Ad.,46&deg 35' 6'' S,311,2020,7,10,-4.9,7.4,23.18,45.32
460001,Chile Chico Ad.,46&deg 35' 6'' S,311,2020,7,11,-2.2,6.0,28.04,42.8
460001,Chile Chico Ad.,46&deg 35' 6'' S,311,2020,7,12,1.7,7.0,35.06,44.6
460001,Chile Chico Ad.,46&deg 35' 6'' S,311,2020,7,13,-0.8,9.9,30.56,49.82
460001,Chile Chico Ad.,46&deg 35' 6'' S,311,2020,7,14,-5.9,5.5,21.38,41.9
460001,Chile Chico Ad.,46&deg 35' 6'' S,311,2020,7,15,-5.6,2.6,21.92,36.68
460001,Chile Chico Ad.,46&deg 35' 6'' S,311,2020,7,16,-0.8,0.5,30.56,32.9
460001,Chile Chico Ad.,46&deg 35' 6'' S,311,2020,7,17,-0.7,3.6,30.74,38.48
460001,Chile Chico Ad.,46&deg 35' 6'' S,311,2020,7,18,0.4,3.8,32.72,38.839999999999996
460001,Chile Chico Ad.,46&deg 35' 6'' S,311,2020,7,19,0.1,1.6,32.18,34.88
460001,Chile Chico Ad.,46&deg 35' 6'' S,311,2020,7,20,1.0,,33.8,
460001,Chile Chico Ad.,46&deg 35' 6'' S,311,2020,7,21,,,,
460001,Chile Chico Ad.,46&deg 35' 6'' S,311,2020,7,22,,,,
460001,Chile Chico Ad.,46&deg 35' 6'' S,311,2020,7,23,,,,
460001,Chile Chico Ad.,46&deg 35' 6'' S,311,2020,7,24,,,,
460001,Chile Chico Ad.,46&deg 35' 6'' S,311,2020,7,27,,,,
460001,Chile Chico Ad.,46&deg 35' 6'' S,311,2020,7,28,,,,
460001,Chile Chico Ad.,46&deg 35' 6'' S,311,2020,7,29,,,,
460001,Chile Chico Ad.,46&deg 35' 6'' S,311,2020,7,30,,,,
460001,Chile Chico Ad.,46&deg 35' 6'' S,311,2020,7,31,,,,
470001,Lord Cochrane Ad.,47&deg 14' 38'' S,209,2020,7,1,-1.4,4.5,29.48,40.1
470001,Lord Cochrane Ad.,47&deg 14' 38'' S,209,2020,7,2,-0.5,3.6,31.1,38.48
470001,Lord Cochrane Ad.,47&deg 14' 38'' S,209,2020,7,3,-1.2,4.5,29.84,40.1
470001,Lord Cochrane Ad.,47&deg 14' 38'' S,209,2020,7,4,-3.2,2.6,26.240000000000002,36.68
470001,Lord Cochrane Ad.,47&deg 14' 38'' S,209,2020,7,5,-3.2,3.5,26.240000000000002,38.3
470001,Lord Cochrane Ad.,47&deg 14' 38'' S,209,2020,7,6,-2.8,3.0,26.96,37.4
470001,Lord Cochrane Ad.,47&deg 14' 38'' S,209,2020,7,7,-2.8,1.3,26.96,34.34
470001,Lord Cochrane Ad.,47&deg 14' 38'' S,209,2020,7,8,-3.4,6.7,25.880000000000003,44.06
470001,Lord Cochrane Ad.,47&deg 14' 38'' S,209,2020,7,9,-3.2,3.7,26.240000000000002,38.660000000000004
470001,Lord Cochrane Ad.,47&deg 14' 38'' S,209,2020,7,10,-5.6,4.9,21.92,40.82
470001,Lord Cochrane Ad.,47&deg 14' 38'' S,209,2020,7,11,-0.5,3.9,31.1,39.02
470001,Lord Cochrane Ad.,47&deg 14' 38'' S,209,2020,7,12,-2.3,4.6,27.86,40.28
470001,Lord Cochrane Ad.,47&deg 14' 38'' S,209,2020,7,13,0.0,6.4,32.0,43.519999999999996
470001,Lord Cochrane Ad.,47&deg 14' 38'' S,209,2020,7,14,-4.4,2.3,24.08,36.14
470001,Lord Cochrane Ad.,47&deg 14' 38'' S,209,2020,7,15,-8.0,-1.4,17.6,29.48
470001,Lord Cochrane Ad.,47&deg 14' 38'' S,209,2020,7,16,-2.4,0.8,27.68,33.44
470001,Lord Cochrane Ad.,47&deg 14' 38'' S,209,2020,7,17,-1.9,0.9,28.580000000000002,33.62
470001,Lord Cochrane Ad.,47&deg 14' 38'' S,209,2020,7,18,-1.0,4.5,30.2,40.1
470001,Lord Cochrane Ad.,47&deg 14' 38'' S,209,2020,7,19,1.6,4.3,34.88,39.74
470001,Lord Cochrane Ad.,47&deg 14' 38'' S,209,2020,7,20,1.4,5.7,34.52,42.260000000000005
470001,Lord Cochrane Ad.,47&deg 14' 38'' S,209,2020,7,21,-0.7,5.6,30.74,42.08
470001,Lord Cochrane Ad.,47&deg 14' 38'' S,209,2020,7,22,-4.8,4.6,23.36,40.28
470001,Lord Cochrane Ad.,47&deg 14' 38'' S,209,2020,7,23,-4.7,0.4,23.54,32.72
470001,Lord Cochrane Ad.,47&deg 14' 38'' S,209,2020,7,24,-3.5,6.0,25.7,42.8
470001,Lord Cochrane Ad.,47&deg 14' 38'' S,209,2020,7,25,0.0,5.5,32.0,41.9
470001,Lord Cochrane Ad.,47&deg 14' 38'' S,209,2020,7,26,-2.1,3.2,28.22,37.76
470001,Lord Cochrane Ad.,47&deg 14' 38'' S,209,2020,7,27,-1.0,6.9,30.2,44.42
470001,Lord Cochrane Ad.,47&deg 14' 38'' S,209,2020,7,28,-0.9,7.8,30.38,46.04
470001,Lord Cochrane Ad.,47&deg 14' 38'' S,209,2020,7,29,-4.5,2.9,23.9,37.22
470001,Lord Cochrane Ad.,47&deg 14' 38'' S,209,2020,7,30,-3.4,5.2,25.880000000000003,41.36
470001,Lord Cochrane Ad.,47&deg 14' 38'' S,209,2020,7,31,-3.8,4.7,25.16,40.46
510005,"Teniente Gallardo, Puerto Natales Ad.",51&deg 40' 2'' S,69,2020,7,1,-13.8,-5.6,7.16,21.92
510005,"Teniente Gallardo, Puerto Natales Ad.",51&deg 40' 2'' S,69,2020,7,2,-7.5,-1.5,18.5,29.3
510005,"Teniente Gallardo, Puerto Natales Ad.",51&deg 40' 2'' S,69,2020,7,3,-9.2,-1.4,15.440000000000001,29.48
510005,"Teniente Gallardo, Puerto Natales Ad.",51&deg 40' 2'' S,69,2020,7,4,-7.9,-2.1,17.779999999999998,28.22
510005,"Teniente Gallardo, Puerto Natales Ad.",51&deg 40' 2'' S,69,2020,7,5,-4.9,-2.8,23.18,26.96
510005,"Teniente Gallardo, Puerto Natales Ad.",51&deg 40' 2'' S,69,2020,7,6,-5.8,-4.6,21.560000000000002,23.72
510005,"Teniente Gallardo, Puerto Natales Ad.",51&deg 40' 2'' S,69,2020,7,7,-8.0,-5.7,17.6,21.74
510005,"Teniente Gallardo, Puerto Natales Ad.",51&deg 40' 2'' S,69,2020,7,8,-11.1,0.7,12.020000000000003,33.26
510005,"Teniente Gallardo, Puerto Natales Ad.",51&deg 40' 2'' S,69,2020,7,9,-2.5,2.3,27.5,36.14
510005,"Teniente Gallardo, Puerto Natales Ad.",51&deg 40' 2'' S,69,2020,7,10,-2.1,3.1,28.22,37.58
510005,"Teniente Gallardo, Puerto Natales Ad.",51&deg 40' 2'' S,69,2020,7,11,-2.8,3.8,26.96,38.839999999999996
510005,"Teniente Gallardo, Puerto Natales Ad.",51&deg 40' 2'' S,69,2020,7,12,-6.1,4.7,21.02,40.46
510005,"Teniente Gallardo, Puerto Natales Ad.",51&deg 40' 2'' S,69,2020,7,13,0.7,5.0,33.26,41.0
510005,"Teniente Gallardo, Puerto Natales Ad.",51&deg 40' 2'' S,69,2020,7,14,-1.1,5.3,30.02,41.54
510005,"Teniente Gallardo, Puerto Natales Ad.",51&deg 40' 2'' S,69,2020,7,15,-4.7,1.5,23.54,34.7
510005,"Teniente Gallardo, Puerto Natales Ad.",51&deg 40' 2'' S,69,2020,7,16,-9.1,-4.0,15.620000000000001,24.8
510005,"Teniente Gallardo, Puerto Natales Ad.",51&deg 40' 2'' S,69,2020,7,17,-9.0,0.4,15.8,32.72
510005,"Teniente Gallardo, Puerto Natales Ad.",51&deg 40' 2'' S,69,2020,7,18,-1.3,3.8,29.66,38.839999999999996
510005,"Teniente Gallardo, Puerto Natales Ad.",51&deg 40' 2'' S,69,2020,7,19,-0.8,4.5,30.56,40.1
510005,"Teniente Gallardo, Puerto Natales Ad.",51&deg 40' 2'' S,69,2020,7,20,-5.2,2.7,22.64,36.86
510005,"Teniente Gallardo, Puerto Natales Ad.",51&deg 40' 2'' S,69,2020,7,21,-13.4,-4.1,7.879999999999999,24.62
510005,"Teniente Gallardo, Puerto Natales Ad.",51&deg 40' 2'' S,69,2020,7,22,-7.8,-0.7,17.96,30.74
510005,"Teniente Gallardo, Puerto Natales Ad.",51&deg 40' 2'' S,69,2020,7,23,-10.8,6.6,12.559999999999999,43.879999999999995
510005,"Teniente Gallardo, Puerto Natales Ad.",51&deg 40' 2'' S,69,2020,7,24,4.0,7.0,39.2,44.6
510005,"Teniente Gallardo, Puerto Natales Ad.",51&deg 40' 2'' S,69,2020,7,25,-1.7,0.7,28.94,33.26
510005,"Teniente Gallardo, Puerto Natales Ad.",51&deg 40' 2'' S,69,2020,7,26,-9.3,4.7,15.259999999999998,40.46
510005,"Teniente Gallardo, Puerto Natales Ad.",51&deg 40' 2'' S,69,2020,7,27,1.9,8.8,35.42,47.84
510005,"Teniente Gallardo, Puerto Natales Ad.",51&deg 40' 2'' S,69,2020,7,28,0.1,8.5,32.18,47.3
510005,"Teniente Gallardo, Puerto Natales Ad.",51&deg 40' 2'' S,69,2020,7,29,0.5,6.9,32.9,44.42
510005,"Teniente Gallardo, Puerto Natales Ad.",51&deg 40' 2'' S,69,2020,7,30,-6.8,2.1,19.76,35.78
510005,"Teniente Gallardo, Puerto Natales Ad.",51&deg 40' 2'' S,69,2020,7,31,-6.4,1.2,20.48,34.16
520006,"Carlos Ibañez, Punta Arenas Ap.",53&deg 0' 6'' S,36,2020,7,1,-7.0,2.0,19.4,35.6
520006,"Carlos Ibañez, Punta Arenas Ap.",53&deg 0' 6'' S,36,2020,7,2,-1.9,1.1,28.580000000000002,33.98
520006,"Carlos Ibañez, Punta Arenas Ap.",53&deg 0' 6'' S,36,2020,7,3,0.3,1.0,32.54,33.8
520006,"Carlos Ibañez, Punta Arenas Ap.",53&deg 0' 6'' S,36,2020,7,4,0.3,2.9,32.54,37.22
520006,"Carlos Ibañez, Punta Arenas Ap.",53&deg 0' 6'' S,36,2020,7,5,-5.6,1.3,21.92,34.34
520006,"Carlos Ibañez, Punta Arenas Ap.",53&deg 0' 6'' S,36,2020,7,6,-6.9,-0.5,19.58,31.1
520006,"Carlos Ibañez, Punta Arenas Ap.",53&deg 0' 6'' S,36,2020,7,7,-4.5,1.4,23.9,34.52
520006,"Carlos Ibañez, Punta Arenas Ap.",53&deg 0' 6'' S,36,2020,7,8,-2.7,0.4,27.14,32.72
520006,"Carlos Ibañez, Punta Arenas Ap.",53&deg 0' 6'' S,36,2020,7,9,-3.2,2.7,26.240000000000002,36.86
520006,"Carlos Ibañez, Punta Arenas Ap.",53&deg 0' 6'' S,36,2020,7,10,-0.2,1.6,31.64,34.88
520006,"Carlos Ibañez, Punta Arenas Ap.",53&deg 0' 6'' S,36,2020,7,11,-5.7,2.7,21.74,36.86
520006,"Carlos Ibañez, Punta Arenas Ap.",53&deg 0' 6'' S,36,2020,7,12,-5.2,3.8,22.64,38.839999999999996
520006,"Carlos Ibañez, Punta Arenas Ap.",53&deg 0' 6'' S,36,2020,7,13,-1.2,2.5,29.84,36.5
520006,"Carlos Ibañez, Punta Arenas Ap.",53&deg 0' 6'' S,36,2020,7,14,0.3,3.6,32.54,38.48
520006,"Carlos Ibañez, Punta Arenas Ap.",53&deg 0' 6'' S,36,2020,7,15,-2.2,1.4,28.04,34.52
520006,"Carlos Ibañez, Punta Arenas Ap.",53&deg 0' 6'' S,36,2020,7,16,-5.0,1.1,23.0,33.98
520006,"Carlos Ibañez, Punta Arenas Ap.",53&deg 0' 6'' S,36,2020,7,17,-7.5,0.6,18.5,33.08
520006,"Carlos Ibañez, Punta Arenas Ap.",53&deg 0' 6'' S,36,2020,7,18,-0.4,2.3,31.28,36.14
520006,"Carlos Ibañez, Punta Arenas Ap.",53&deg 0' 6'' S,36,2020,7,19,1.0,1.9,33.8,35.42
520006,"Carlos Ibañez, Punta Arenas Ap.",53&deg 0' 6'' S,36,2020,7,20,-2.1,1.0,28.22,33.8
520006,"Carlos Ibañez, Punta Arenas Ap.",53&deg 0' 6'' S,36,2020,7,21,-6.5,-0.6,20.3,30.92
520006,"Carlos Ibañez, Punta Arenas Ap.",53&deg 0' 6'' S,36,2020,7,22,-10.5,-1.5,13.100000000000001,29.3
520006,"Carlos Ibañez, Punta Arenas Ap.",53&deg 0' 6'' S,36,2020,7,23,-4.1,4.3,24.62,39.74
520006,"Carlos Ibañez, Punta Arenas Ap.",53&deg 0' 6'' S,36,2020,7,24,3.3,4.8,37.94,40.64
520006,"Carlos Ibañez, Punta Arenas Ap.",53&deg 0' 6'' S,36,2020,7,25,-4.1,0.9,24.62,33.62
520006,"Carlos Ibañez, Punta Arenas Ap.",53&deg 0' 6'' S,36,2020,7,26,-4.9,4.6,23.18,40.28
520006,"Carlos Ibañez, Punta Arenas Ap.",53&deg 0' 6'' S,36,2020,7,27,0.4,6.4,32.72,43.519999999999996
520006,"Carlos Ibañez, Punta Arenas Ap.",53&deg 0' 6'' S,36,2020,7,28,0.8,5.8,33.44,42.44
520006,"Carlos Ibañez, Punta Arenas Ap.",53&deg 0' 6'' S,36,2020,7,29,2.8,4.8,37.04,40.64
520006,"Carlos Ibañez, Punta Arenas Ap.",53&deg 0' 6'' S,36,2020,7,30,-2.5,3.6,27.5,38.48
520006,"Carlos Ibañez, Punta Arenas Ap.",53&deg 0' 6'' S,36,2020,7,31,2.2,3.5,35.96,38.3
530005,"Fuentes Martínez, Porvenir Ad.",53&deg 15' 13'' S,25,2020,7,1,-9.0,3.1,15.8,37.58
530005,"Fuentes Martínez, Porvenir Ad.",53&deg 15' 13'' S,25,2020,7,2,-1.8,1.9,28.76,35.42
530005,"Fuentes Martínez, Porvenir Ad.",53&deg 15' 13'' S,25,2020,7,3,0.3,2.1,32.54,35.78
530005,"Fuentes Martínez, Porvenir Ad.",53&deg 15' 13'' S,25,2020,7,4,1.0,3.1,33.8,37.58
530005,"Fuentes Martínez, Porvenir Ad.",53&deg 15' 13'' S,25,2020,7,5,-5.9,1.6,21.38,34.88
530005,"Fuentes Martínez, Porvenir Ad.",53&deg 15' 13'' S,25,2020,7,6,-9.3,0.0,15.259999999999998,32.0
530005,"Fuentes Martínez, Porvenir Ad.",53&deg 15' 13'' S,25,2020,7,7,-4.4,2.5,24.08,36.5
530005,"Fuentes Martínez, Porvenir Ad.",53&deg 15' 13'' S,25,2020,7,8,-1.2,2.8,29.84,37.04
530005,"Fuentes Martínez, Porvenir Ad.",53&deg 15' 13'' S,25,2020,7,9,-2.5,3.0,27.5,37.4
530005,"Fuentes Martínez, Porvenir Ad.",53&deg 15' 13'' S,25,2020,7,10,-3.0,1.7,26.6,35.06
530005,"Fuentes Martínez, Porvenir Ad.",53&deg 15' 13'' S,25,2020,7,11,-8.6,3.5,16.520000000000003,38.3
530005,"Fuentes Martínez, Porvenir Ad.",53&deg 15' 13'' S,25,2020,7,12,-0.5,4.3,31.1,39.74
530005,"Fuentes Martínez, Porvenir Ad.",53&deg 15' 13'' S,25,2020,7,13,0.5,2.3,32.9,36.14
530005,"Fuentes Martínez, Porvenir Ad.",53&deg 15' 13'' S,25,2020,7,14,-0.6,4.6,30.92,40.28
530005,"Fuentes Martínez, Porvenir Ad.",53&deg 15' 13'' S,25,2020,7,15,-4.8,2.8,23.36,37.04
530005,"Fuentes Martínez, Porvenir Ad.",53&deg 15' 13'' S,25,2020,7,16,-6.3,1.6,20.66,34.88
530005,"Fuentes Martínez, Porvenir Ad.",53&deg 15' 13'' S,25,2020,7,17,-6.3,-1.0,20.66,30.2
530005,"Fuentes Martínez, Porvenir Ad.",53&deg 15' 13'' S,25,2020,7,18,-4.0,2.0,24.8,35.6
530005,"Fuentes Martínez, Porvenir Ad.",53&deg 15' 13'' S,25,2020,7,19,-2.5,2.1,27.5,35.78
530005,"Fuentes Martínez, Porvenir Ad.",53&deg 15' 13'' S,25,2020,7,20,-3.8,2.5,25.16,36.5
530005,"Fuentes Martínez, Porvenir Ad.",53&deg 15' 13'' S,25,2020,7,21,-2.6,1.5,27.32,34.7
530005,"Fuentes Martínez, Porvenir Ad.",53&deg 15' 13'' S,25,2020,7,22,-8.0,-1.0,17.6,30.2
530005,"Fuentes Martínez, Porvenir Ad.",53&deg 15' 13'' S,25,2020,7,23,-2.6,4.4,27.32,39.92
530005,"Fuentes Martínez, Porvenir Ad.",53&deg 15' 13'' S,25,2020,7,24,2.3,5.4,36.14,41.72
530005,"Fuentes Martínez, Porvenir Ad.",53&deg 15' 13'' S,25,2020,7,25,-2.7,2.0,27.14,35.6
530005,"Fuentes Martínez, Porvenir Ad.",53&deg 15' 13'' S,25,2020,7,26,-1.9,5.0,28.580000000000002,41.0
530005,"Fuentes Martínez, Porvenir Ad.",53&deg 15' 13'' S,25,2020,7,27,1.0,6.5,33.8,43.7
530005,"Fuentes Martínez, Porvenir Ad.",53&deg 15' 13'' S,25,2020,7,28,0.8,5.6,33.44,42.08
530005,"Fuentes Martínez, Porvenir Ad.",53&deg 15' 13'' S,25,2020,7,29,-0.5,5.9,31.1,42.620000000000005
530005,"Fuentes Martínez, Porvenir Ad.",53&deg 15' 13'' S,25,2020,7,30,-3.3,5.6,26.060000000000002,42.08
530005,"Fuentes Martínez, Porvenir Ad.",53&deg 15' 13'' S,25,2020,7,31,-0.9,4.8,30.38,40.64
550001,"Guardiamarina Zañartu, Pto Williams Ad.",54&deg 55' 54'' S,12,2020,7,1,-5.5,2.0,22.1,35.6
550001,"Guardiamarina Zañartu, Pto Williams Ad.",54&deg 55' 54'' S,12,2020,7,2,-7.4,0.8,18.68,33.44
550001,"Guardiamarina Zañartu, Pto Williams Ad.",54&deg 55' 54'' S,12,2020,7,3,-4.3,-0.8,24.26,30.56
550001,"Guardiamarina Zañartu, Pto Williams Ad.",54&deg 55' 54'' S,12,2020,7,4,-6.3,1.9,20.66,35.42
550001,"Guardiamarina Zañartu, Pto Williams Ad.",54&deg 55' 54'' S,12,2020,7,5,-1.9,2.9,28.580000000000002,37.22
550001,"Guardiamarina Zañartu, Pto Williams Ad.",54&deg 55' 54'' S,12,2020,7,6,-4.3,3.2,24.26,37.76
550001,"Guardiamarina Zañartu, Pto Williams Ad.",54&deg 55' 54'' S,12,2020,7,7,-2.9,5.7,26.78,42.260000000000005
550001,"Guardiamarina Zañartu, Pto Williams Ad.",54&deg 55' 54'' S,12,2020,7,8,3.5,7.6,38.3,45.68
550001,"Guardiamarina Zañartu, Pto Williams Ad.",54&deg 55' 54'' S,12,2020,7,9,-2.9,4.4,26.78,39.92
550001,"Guardiamarina Zañartu, Pto Williams Ad.",54&deg 55' 54'' S,12,2020,7,10,-2.8,2.8,26.96,37.04
550001,"Guardiamarina Zañartu, Pto Williams Ad.",54&deg 55' 54'' S,12,2020,7,11,-4.3,2.9,24.26,37.22
550001,"Guardiamarina Zañartu, Pto Williams Ad.",54&deg 55' 54'' S,12,2020,7,12,0.9,4.5,33.62,40.1
550001,"Guardiamarina Zañartu, Pto Williams Ad.",54&deg 55' 54'' S,12,2020,7,13,-0.6,2.0,30.92,35.6
550001,"Guardiamarina Zañartu, Pto Williams Ad.",54&deg 55' 54'' S,12,2020,7,14,-4.5,2.1,23.9,35.78
550001,"Guardiamarina Zañartu, Pto Williams Ad.",54&deg 55' 54'' S,12,2020,7,15,-4.3,1.1,24.26,33.98
550001,"Guardiamarina Zañartu, Pto Williams Ad.",54&deg 55' 54'' S,12,2020,7,16,-2.7,1.6,27.14,34.88
550001,"Guardiamarina Zañartu, Pto Williams Ad.",54&deg 55' 54'' S,12,2020,7,17,-5.0,0.9,23.0,33.62
550001,"Guardiamarina Zañartu, Pto Williams Ad.",54&deg 55' 54'' S,12,2020,7,18,-3.9,2.6,24.98,36.68
550001,"Guardiamarina Zañartu, Pto Williams Ad.",54&deg 55' 54'' S,12,2020,7,19,-1.7,1.6,28.94,34.88
550001,"Guardiamarina Zañartu, Pto Williams Ad.",54&deg 55' 54'' S,12,2020,7,20,-5.7,1.0,21.74,33.8
550001,"Guardiamarina Zañartu, Pto Williams Ad.",54&deg 55' 54'' S,12,2020,7,21,-5.1,3.0,22.82,37.4
550001,"Guardiamarina Zañartu, Pto Williams Ad.",54&deg 55' 54'' S,12,2020,7,22,-4.2,5.0,24.439999999999998,41.0
550001,"Guardiamarina Zañartu, Pto Williams Ad.",54&deg 55' 54'' S,12,2020,7,23,2.7,6.4,36.86,43.519999999999996
550001,"Guardiamarina Zañartu, Pto Williams Ad.",54&deg 55' 54'' S,12,2020,7,24,3.0,4.8,37.4,40.64
550001,"Guardiamarina Zañartu, Pto Williams Ad.",54&deg 55' 54'' S,12,2020,7,25,-4.8,0.2,23.36,32.36
550001,"Guardiamarina Zañartu, Pto Williams Ad.",54&deg 55' 54'' S,12,2020,7,26,-1.4,2.2,29.48,35.96
550001,"Guardiamarina Zañartu, Pto Williams Ad.",54&deg 55' 54'' S,12,2020,7,27,0.4,4.2,32.72,39.56
550001,"Guardiamarina Zañartu, Pto Williams Ad.",54&deg 55' 54'' S,12,2020,7,28,0.2,3.4,32.36,38.12
550001,"Guardiamarina Zañartu, Pto Williams Ad.",54&deg 55' 54'' S,12,2020,7,29,1.8,6.8,35.24,44.239999999999995
550001,"Guardiamarina Zañartu, Pto Williams Ad.",54&deg 55' 54'' S,12,2020,7,30,-1.4,4.0,29.48,39.2
550001,"Guardiamarina Zañartu, Pto Williams Ad.",54&deg 55' 54'' S,12,2020,7,31,0.7,5.7,33.26,42.260000000000005
950001,"C.M.A. Eduardo Frei Montalva, Antártica ",62&deg 11' 31'' S,45,2020,7,1,-9.9,-3.5,14.18,25.7
950001,"C.M.A. Eduardo Frei Montalva, Antártica ",62&deg 11' 31'' S,45,2020,7,2,-9.1,-6.8,15.620000000000001,19.76
950001,"C.M.A. Eduardo Frei Montalva, Antártica ",62&deg 11' 31'' S,45,2020,7,3,-8.6,-3.0,16.520000000000003,26.6
950001,"C.M.A. Eduardo Frei Montalva, Antártica ",62&deg 11' 31'' S,45,2020,7,4,-4.5,-3.1,23.9,26.42
950001,"C.M.A. Eduardo Frei Montalva, Antártica ",62&deg 11' 31'' S,45,2020,7,5,-7.4,-3.3,18.68,26.060000000000002
950001,"C.M.A. Eduardo Frei Montalva, Antártica ",62&deg 11' 31'' S,45,2020,7,6,-4.9,-2.3,23.18,27.86
950001,"C.M.A. Eduardo Frei Montalva, Antártica ",62&deg 11' 31'' S,45,2020,7,7,-5.0,-2.9,23.0,26.78
950001,"C.M.A. Eduardo Frei Montalva, Antártica ",62&deg 11' 31'' S,45,2020,7,8,-5.0,0.0,23.0,32.0
950001,"C.M.A. Eduardo Frei Montalva, Antártica ",62&deg 11' 31'' S,45,2020,7,9,-1.2,1.3,29.84,34.34
950001,"C.M.A. Eduardo Frei Montalva, Antártica ",62&deg 11' 31'' S,45,2020,7,10,-2.2,1.1,28.04,33.98
950001,"C.M.A. Eduardo Frei Montalva, Antártica ",62&deg 11' 31'' S,45,2020,7,11,-1.6,1.2,29.12,34.16
950001,"C.M.A. Eduardo Frei Montalva, Antártica ",62&deg 11' 31'' S,45,2020,7,12,-4.4,-2.1,24.08,28.22
950001,"C.M.A. Eduardo Frei Montalva, Antártica ",62&deg 11' 31'' S,45,2020,7,13,-4.8,-1.9,23.36,28.580000000000002
950001,"C.M.A. Eduardo Frei Montalva, Antártica ",62&deg 11' 31'' S,45,2020,7,14,-6.4,-2.9,20.48,26.78
950001,"C.M.A. Eduardo Frei Montalva, Antártica ",62&deg 11' 31'' S,45,2020,7,15,-4.2,-2.0,24.439999999999998,28.4
950001,"C.M.A. Eduardo Frei Montalva, Antártica ",62&deg 11' 31'' S,45,2020,7,16,-5.6,-2.5,21.92,27.5
950001,"C.M.A. Eduardo Frei Montalva, Antártica ",62&deg 11' 31'' S,45,2020,7,17,-6.3,-1.8,20.66,28.76
950001,"C.M.A. Eduardo Frei Montalva, Antártica ",62&deg 11' 31'' S,45,2020,7,18,-6.9,-2.2,19.58,28.04
950001,"C.M.A. Eduardo Frei Montalva, Antártica ",62&deg 11' 31'' S,45,2020,7,19,-2.9,-1.5,26.78,29.3
950001,"C.M.A. Eduardo Frei Montalva, Antártica ",62&deg 11' 31'' S,45,2020,7,20,-3.9,-0.9,24.98,30.38
950001,"C.M.A. Eduardo Frei Montalva, Antártica ",62&deg 11' 31'' S,45,2020,7,21,-2.7,0.1,27.14,32.18
950001,"C.M.A. Eduardo Frei Montalva, Antártica ",62&deg 11' 31'' S,45,2020,7,22,-2.7,-0.2,27.14,31.64
950001,"C.M.A. Eduardo Frei Montalva, Antártica ",62&deg 11' 31'' S,45,2020,7,23,-3.6,-0.7,25.52,30.74
950001,"C.M.A. Eduardo Frei Montalva, Antártica ",62&deg 11' 31'' S,45,2020,7,24,-12.5,-5.5,9.5,22.1
950001,"C.M.A. Eduardo Frei Montalva, Antártica ",62&deg 11' 31'' S,45,2020,7,25,-10.6,-4.8,12.920000000000002,23.36
950001,"C.M.A. Eduardo Frei Montalva, Antártica ",62&deg 11' 31'' S,45,2020,7,26,-13.7,-9.9,7.34,14.18
950001,"C.M.A. Eduardo Frei Montalva, Antártica ",62&deg 11' 31'' S,45,2020,7,27,-10.0,-2.5,14.0,27.5
950001,"C.M.A. Eduardo Frei Montalva, Antártica ",62&deg 11' 31'' S,45,2020,7,28,-10.8,-6.0,12.559999999999999,21.2
950001,"C.M.A. Eduardo Frei Montalva, Antártica ",62&deg 11' 31'' S,45,2020,7,29,-9.2,-3.0,15.440000000000001,26.6
950001,"C.M.A. Eduardo Frei Montalva, Antártica ",62&deg 11' 31'' S,45,2020,7,30,-9.0,-3.8,15.8,25.16
950001,"C.M.A. Eduardo Frei Montalva, Antártica ",62&deg 11' 31'' S,45,2020,7,31,-3.9,-1.6,24.98,29.12
